"partner","geo","values","iso2","type"
"Austria","Austria",NA,"AT","incoming"
"Austria","Belgium",22,"BE","incoming"
"Austria","Bulgaria",46,"BG","incoming"
"Austria","Switzerland",69,"CH","incoming"
"Austria","Cyprus",NA,"CY","incoming"
"Austria","Czech Republic",NA,"CZ","incoming"
"Austria","Germany (until 1990 former territory of the FRG)",80,"DE","incoming"
"Austria","Denmark",5,"DK","incoming"
"Austria","Estonia",5,"EE","incoming"
"Austria","Greece",0,"EL","incoming"
"Austria","Spain",NA,"ES","incoming"
"Austria","Finland",NA,"FI","incoming"
"Austria","France",24,"FR","incoming"
"Austria","Croatia",6,"HR","incoming"
"Austria","Hungary",249,"HU","incoming"
"Austria","Ireland",0,"IE","incoming"
"Austria","Iceland",NA,"IS","incoming"
"Austria","Italy",NA,"IT","incoming"
"Austria","Liechtenstein",0,"LI","incoming"
"Austria","Lithuania",14,"LT","incoming"
"Austria","Luxembourg",1,"LU","incoming"
"Austria","Latvia",1,"LV","incoming"
"Austria","Malta",3,"MT","incoming"
"Austria","Netherlands",NA,"NL","incoming"
"Austria","Norway",NA,"NO","incoming"
"Austria","Poland",NA,"PL","incoming"
"Austria","Portugal",NA,"PT","incoming"
"Austria","Romania",7,"RO","incoming"
"Austria","Sweden",0,"SE","incoming"
"Austria","Slovenia",7,"SI","incoming"
"Austria","Slovakia",25,"SK","incoming"
"Austria","United Kingdom",2,"UK","incoming"
"Belgium","Austria",NA,"AT","incoming"
"Belgium","Belgium",0,"BE","incoming"
"Belgium","Bulgaria",13,"BG","incoming"
"Belgium","Switzerland",51,"CH","incoming"
"Belgium","Cyprus",NA,"CY","incoming"
"Belgium","Czech Republic",NA,"CZ","incoming"
"Belgium","Germany (until 1990 former territory of the FRG)",100,"DE","incoming"
"Belgium","Denmark",4,"DK","incoming"
"Belgium","Estonia",0,"EE","incoming"
"Belgium","Greece",2,"EL","incoming"
"Belgium","Spain",NA,"ES","incoming"
"Belgium","Finland",NA,"FI","incoming"
"Belgium","France",134,"FR","incoming"
"Belgium","Croatia",1,"HR","incoming"
"Belgium","Hungary",31,"HU","incoming"
"Belgium","Ireland",2,"IE","incoming"
"Belgium","Iceland",NA,"IS","incoming"
"Belgium","Italy",NA,"IT","incoming"
"Belgium","Liechtenstein",0,"LI","incoming"
"Belgium","Lithuania",2,"LT","incoming"
"Belgium","Luxembourg",4,"LU","incoming"
"Belgium","Latvia",1,"LV","incoming"
"Belgium","Malta",4,"MT","incoming"
"Belgium","Netherlands",NA,"NL","incoming"
"Belgium","Norway",NA,"NO","incoming"
"Belgium","Poland",NA,"PL","incoming"
"Belgium","Portugal",NA,"PT","incoming"
"Belgium","Romania",2,"RO","incoming"
"Belgium","Sweden",0,"SE","incoming"
"Belgium","Slovenia",2,"SI","incoming"
"Belgium","Slovakia",2,"SK","incoming"
"Belgium","United Kingdom",17,"UK","incoming"
"Bulgaria","Austria",NA,"AT","incoming"
"Bulgaria","Belgium",0,"BE","incoming"
"Bulgaria","Bulgaria",0,"BG","incoming"
"Bulgaria","Switzerland",4,"CH","incoming"
"Bulgaria","Cyprus",NA,"CY","incoming"
"Bulgaria","Czech Republic",NA,"CZ","incoming"
"Bulgaria","Germany (until 1990 former territory of the FRG)",4,"DE","incoming"
"Bulgaria","Denmark",0,"DK","incoming"
"Bulgaria","Estonia",0,"EE","incoming"
"Bulgaria","Greece",0,"EL","incoming"
"Bulgaria","Spain",NA,"ES","incoming"
"Bulgaria","Finland",NA,"FI","incoming"
"Bulgaria","France",0,"FR","incoming"
"Bulgaria","Croatia",0,"HR","incoming"
"Bulgaria","Hungary",0,"HU","incoming"
"Bulgaria","Ireland",0,"IE","incoming"
"Bulgaria","Iceland",NA,"IS","incoming"
"Bulgaria","Italy",NA,"IT","incoming"
"Bulgaria","Liechtenstein",0,"LI","incoming"
"Bulgaria","Lithuania",0,"LT","incoming"
"Bulgaria","Luxembourg",0,"LU","incoming"
"Bulgaria","Latvia",0,"LV","incoming"
"Bulgaria","Malta",0,"MT","incoming"
"Bulgaria","Netherlands",NA,"NL","incoming"
"Bulgaria","Norway",NA,"NO","incoming"
"Bulgaria","Poland",NA,"PL","incoming"
"Bulgaria","Portugal",NA,"PT","incoming"
"Bulgaria","Romania",0,"RO","incoming"
"Bulgaria","Sweden",0,"SE","incoming"
"Bulgaria","Slovenia",0,"SI","incoming"
"Bulgaria","Slovakia",0,"SK","incoming"
"Bulgaria","United Kingdom",0,"UK","incoming"
"Switzerland","Austria",NA,"AT","incoming"
"Switzerland","Belgium",71,"BE","incoming"
"Switzerland","Bulgaria",14,"BG","incoming"
"Switzerland","Switzerland",0,"CH","incoming"
"Switzerland","Cyprus",NA,"CY","incoming"
"Switzerland","Czech Republic",NA,"CZ","incoming"
"Switzerland","Germany (until 1990 former territory of the FRG)",202,"DE","incoming"
"Switzerland","Denmark",12,"DK","incoming"
"Switzerland","Estonia",0,"EE","incoming"
"Switzerland","Greece",0,"EL","incoming"
"Switzerland","Spain",NA,"ES","incoming"
"Switzerland","Finland",NA,"FI","incoming"
"Switzerland","France",236,"FR","incoming"
"Switzerland","Croatia",7,"HR","incoming"
"Switzerland","Hungary",56,"HU","incoming"
"Switzerland","Ireland",0,"IE","incoming"
"Switzerland","Iceland",NA,"IS","incoming"
"Switzerland","Italy",NA,"IT","incoming"
"Switzerland","Liechtenstein",0,"LI","incoming"
"Switzerland","Lithuania",6,"LT","incoming"
"Switzerland","Luxembourg",13,"LU","incoming"
"Switzerland","Latvia",7,"LV","incoming"
"Switzerland","Malta",23,"MT","incoming"
"Switzerland","Netherlands",NA,"NL","incoming"
"Switzerland","Norway",NA,"NO","incoming"
"Switzerland","Poland",NA,"PL","incoming"
"Switzerland","Portugal",NA,"PT","incoming"
"Switzerland","Romania",3,"RO","incoming"
"Switzerland","Sweden",0,"SE","incoming"
"Switzerland","Slovenia",3,"SI","incoming"
"Switzerland","Slovakia",3,"SK","incoming"
"Switzerland","United Kingdom",4,"UK","incoming"
"Cyprus","Austria",NA,"AT","incoming"
"Cyprus","Belgium",0,"BE","incoming"
"Cyprus","Bulgaria",0,"BG","incoming"
"Cyprus","Switzerland",0,"CH","incoming"
"Cyprus","Cyprus",NA,"CY","incoming"
"Cyprus","Czech Republic",NA,"CZ","incoming"
"Cyprus","Germany (until 1990 former territory of the FRG)",16,"DE","incoming"
"Cyprus","Denmark",0,"DK","incoming"
"Cyprus","Estonia",0,"EE","incoming"
"Cyprus","Greece",0,"EL","incoming"
"Cyprus","Spain",NA,"ES","incoming"
"Cyprus","Finland",NA,"FI","incoming"
"Cyprus","France",0,"FR","incoming"
"Cyprus","Croatia",0,"HR","incoming"
"Cyprus","Hungary",0,"HU","incoming"
"Cyprus","Ireland",0,"IE","incoming"
"Cyprus","Iceland",NA,"IS","incoming"
"Cyprus","Italy",NA,"IT","incoming"
"Cyprus","Liechtenstein",0,"LI","incoming"
"Cyprus","Lithuania",0,"LT","incoming"
"Cyprus","Luxembourg",0,"LU","incoming"
"Cyprus","Latvia",0,"LV","incoming"
"Cyprus","Malta",0,"MT","incoming"
"Cyprus","Netherlands",NA,"NL","incoming"
"Cyprus","Norway",NA,"NO","incoming"
"Cyprus","Poland",NA,"PL","incoming"
"Cyprus","Portugal",NA,"PT","incoming"
"Cyprus","Romania",0,"RO","incoming"
"Cyprus","Sweden",0,"SE","incoming"
"Cyprus","Slovenia",0,"SI","incoming"
"Cyprus","Slovakia",0,"SK","incoming"
"Cyprus","United Kingdom",1,"UK","incoming"
"Czech Republic","Austria",NA,"AT","incoming"
"Czech Republic","Belgium",1,"BE","incoming"
"Czech Republic","Bulgaria",0,"BG","incoming"
"Czech Republic","Switzerland",4,"CH","incoming"
"Czech Republic","Cyprus",NA,"CY","incoming"
"Czech Republic","Czech Republic",NA,"CZ","incoming"
"Czech Republic","Germany (until 1990 former territory of the FRG)",6,"DE","incoming"
"Czech Republic","Denmark",0,"DK","incoming"
"Czech Republic","Estonia",0,"EE","incoming"
"Czech Republic","Greece",0,"EL","incoming"
"Czech Republic","Spain",NA,"ES","incoming"
"Czech Republic","Finland",NA,"FI","incoming"
"Czech Republic","France",2,"FR","incoming"
"Czech Republic","Croatia",0,"HR","incoming"
"Czech Republic","Hungary",63,"HU","incoming"
"Czech Republic","Ireland",0,"IE","incoming"
"Czech Republic","Iceland",NA,"IS","incoming"
"Czech Republic","Italy",NA,"IT","incoming"
"Czech Republic","Liechtenstein",0,"LI","incoming"
"Czech Republic","Lithuania",0,"LT","incoming"
"Czech Republic","Luxembourg",0,"LU","incoming"
"Czech Republic","Latvia",0,"LV","incoming"
"Czech Republic","Malta",1,"MT","incoming"
"Czech Republic","Netherlands",NA,"NL","incoming"
"Czech Republic","Norway",NA,"NO","incoming"
"Czech Republic","Poland",NA,"PL","incoming"
"Czech Republic","Portugal",NA,"PT","incoming"
"Czech Republic","Romania",0,"RO","incoming"
"Czech Republic","Sweden",0,"SE","incoming"
"Czech Republic","Slovenia",0,"SI","incoming"
"Czech Republic","Slovakia",6,"SK","incoming"
"Czech Republic","United Kingdom",0,"UK","incoming"
"Germany (until 1990 former territory of the FRG)","Austria",NA,"AT","incoming"
"Germany (until 1990 former territory of the FRG)","Belgium",1006,"BE","incoming"
"Germany (until 1990 former territory of the FRG)","Bulgaria",13,"BG","incoming"
"Germany (until 1990 former territory of the FRG)","Switzerland",317,"CH","incoming"
"Germany (until 1990 former territory of the FRG)","Cyprus",NA,"CY","incoming"
"Germany (until 1990 former territory of the FRG)","Czech Republic",NA,"CZ","incoming"
"Germany (until 1990 former territory of the FRG)","Germany (until 1990 former territory of the FRG)",0,"DE","incoming"
"Germany (until 1990 former territory of the FRG)","Denmark",45,"DK","incoming"
"Germany (until 1990 former territory of the FRG)","Estonia",2,"EE","incoming"
"Germany (until 1990 former territory of the FRG)","Greece",0,"EL","incoming"
"Germany (until 1990 former territory of the FRG)","Spain",NA,"ES","incoming"
"Germany (until 1990 former territory of the FRG)","Finland",NA,"FI","incoming"
"Germany (until 1990 former territory of the FRG)","France",550,"FR","incoming"
"Germany (until 1990 former territory of the FRG)","Croatia",7,"HR","incoming"
"Germany (until 1990 former territory of the FRG)","Hungary",173,"HU","incoming"
"Germany (until 1990 former territory of the FRG)","Ireland",1,"IE","incoming"
"Germany (until 1990 former territory of the FRG)","Iceland",NA,"IS","incoming"
"Germany (until 1990 former territory of the FRG)","Italy",NA,"IT","incoming"
"Germany (until 1990 former territory of the FRG)","Liechtenstein",0,"LI","incoming"
"Germany (until 1990 former territory of the FRG)","Lithuania",14,"LT","incoming"
"Germany (until 1990 former territory of the FRG)","Luxembourg",15,"LU","incoming"
"Germany (until 1990 former territory of the FRG)","Latvia",4,"LV","incoming"
"Germany (until 1990 former territory of the FRG)","Malta",41,"MT","incoming"
"Germany (until 1990 former territory of the FRG)","Netherlands",NA,"NL","incoming"
"Germany (until 1990 former territory of the FRG)","Norway",NA,"NO","incoming"
"Germany (until 1990 former territory of the FRG)","Poland",NA,"PL","incoming"
"Germany (until 1990 former territory of the FRG)","Portugal",NA,"PT","incoming"
"Germany (until 1990 former territory of the FRG)","Romania",2,"RO","incoming"
"Germany (until 1990 former territory of the FRG)","Sweden",0,"SE","incoming"
"Germany (until 1990 former territory of the FRG)","Slovenia",5,"SI","incoming"
"Germany (until 1990 former territory of the FRG)","Slovakia",20,"SK","incoming"
"Germany (until 1990 former territory of the FRG)","United Kingdom",6,"UK","incoming"
"Denmark","Austria",NA,"AT","incoming"
"Denmark","Belgium",40,"BE","incoming"
"Denmark","Bulgaria",5,"BG","incoming"
"Denmark","Switzerland",32,"CH","incoming"
"Denmark","Cyprus",NA,"CY","incoming"
"Denmark","Czech Republic",NA,"CZ","incoming"
"Denmark","Germany (until 1990 former territory of the FRG)",128,"DE","incoming"
"Denmark","Denmark",0,"DK","incoming"
"Denmark","Estonia",3,"EE","incoming"
"Denmark","Greece",0,"EL","incoming"
"Denmark","Spain",NA,"ES","incoming"
"Denmark","Finland",NA,"FI","incoming"
"Denmark","France",52,"FR","incoming"
"Denmark","Croatia",0,"HR","incoming"
"Denmark","Hungary",10,"HU","incoming"
"Denmark","Ireland",2,"IE","incoming"
"Denmark","Iceland",NA,"IS","incoming"
"Denmark","Italy",NA,"IT","incoming"
"Denmark","Liechtenstein",0,"LI","incoming"
"Denmark","Lithuania",1,"LT","incoming"
"Denmark","Luxembourg",2,"LU","incoming"
"Denmark","Latvia",2,"LV","incoming"
"Denmark","Malta",16,"MT","incoming"
"Denmark","Netherlands",NA,"NL","incoming"
"Denmark","Norway",NA,"NO","incoming"
"Denmark","Poland",NA,"PL","incoming"
"Denmark","Portugal",NA,"PT","incoming"
"Denmark","Romania",1,"RO","incoming"
"Denmark","Sweden",0,"SE","incoming"
"Denmark","Slovenia",1,"SI","incoming"
"Denmark","Slovakia",2,"SK","incoming"
"Denmark","United Kingdom",3,"UK","incoming"
"Estonia","Austria",NA,"AT","incoming"
"Estonia","Belgium",0,"BE","incoming"
"Estonia","Bulgaria",0,"BG","incoming"
"Estonia","Switzerland",0,"CH","incoming"
"Estonia","Cyprus",NA,"CY","incoming"
"Estonia","Czech Republic",NA,"CZ","incoming"
"Estonia","Germany (until 1990 former territory of the FRG)",0,"DE","incoming"
"Estonia","Denmark",0,"DK","incoming"
"Estonia","Estonia",0,"EE","incoming"
"Estonia","Greece",0,"EL","incoming"
"Estonia","Spain",NA,"ES","incoming"
"Estonia","Finland",NA,"FI","incoming"
"Estonia","France",0,"FR","incoming"
"Estonia","Croatia",0,"HR","incoming"
"Estonia","Hungary",0,"HU","incoming"
"Estonia","Ireland",0,"IE","incoming"
"Estonia","Iceland",NA,"IS","incoming"
"Estonia","Italy",NA,"IT","incoming"
"Estonia","Liechtenstein",0,"LI","incoming"
"Estonia","Lithuania",1,"LT","incoming"
"Estonia","Luxembourg",0,"LU","incoming"
"Estonia","Latvia",3,"LV","incoming"
"Estonia","Malta",3,"MT","incoming"
"Estonia","Netherlands",NA,"NL","incoming"
"Estonia","Norway",NA,"NO","incoming"
"Estonia","Poland",NA,"PL","incoming"
"Estonia","Portugal",NA,"PT","incoming"
"Estonia","Romania",0,"RO","incoming"
"Estonia","Sweden",0,"SE","incoming"
"Estonia","Slovenia",0,"SI","incoming"
"Estonia","Slovakia",0,"SK","incoming"
"Estonia","United Kingdom",0,"UK","incoming"
"Greece","Austria",NA,"AT","incoming"
"Greece","Belgium",14,"BE","incoming"
"Greece","Bulgaria",1,"BG","incoming"
"Greece","Switzerland",65,"CH","incoming"
"Greece","Cyprus",NA,"CY","incoming"
"Greece","Czech Republic",NA,"CZ","incoming"
"Greece","Germany (until 1990 former territory of the FRG)",282,"DE","incoming"
"Greece","Denmark",5,"DK","incoming"
"Greece","Estonia",0,"EE","incoming"
"Greece","Greece",0,"EL","incoming"
"Greece","Spain",NA,"ES","incoming"
"Greece","Finland",NA,"FI","incoming"
"Greece","France",9,"FR","incoming"
"Greece","Croatia",0,"HR","incoming"
"Greece","Hungary",2,"HU","incoming"
"Greece","Ireland",0,"IE","incoming"
"Greece","Iceland",NA,"IS","incoming"
"Greece","Italy",NA,"IT","incoming"
"Greece","Liechtenstein",0,"LI","incoming"
"Greece","Lithuania",0,"LT","incoming"
"Greece","Luxembourg",0,"LU","incoming"
"Greece","Latvia",0,"LV","incoming"
"Greece","Malta",0,"MT","incoming"
"Greece","Netherlands",NA,"NL","incoming"
"Greece","Norway",NA,"NO","incoming"
"Greece","Poland",NA,"PL","incoming"
"Greece","Portugal",NA,"PT","incoming"
"Greece","Romania",0,"RO","incoming"
"Greece","Sweden",0,"SE","incoming"
"Greece","Slovenia",0,"SI","incoming"
"Greece","Slovakia",0,"SK","incoming"
"Greece","United Kingdom",1,"UK","incoming"
"Spain","Austria",NA,"AT","incoming"
"Spain","Belgium",1,"BE","incoming"
"Spain","Bulgaria",0,"BG","incoming"
"Spain","Switzerland",2,"CH","incoming"
"Spain","Cyprus",NA,"CY","incoming"
"Spain","Czech Republic",NA,"CZ","incoming"
"Spain","Germany (until 1990 former territory of the FRG)",2,"DE","incoming"
"Spain","Denmark",0,"DK","incoming"
"Spain","Estonia",0,"EE","incoming"
"Spain","Greece",0,"EL","incoming"
"Spain","Spain",NA,"ES","incoming"
"Spain","Finland",NA,"FI","incoming"
"Spain","France",3,"FR","incoming"
"Spain","Croatia",0,"HR","incoming"
"Spain","Hungary",0,"HU","incoming"
"Spain","Ireland",1,"IE","incoming"
"Spain","Iceland",NA,"IS","incoming"
"Spain","Italy",NA,"IT","incoming"
"Spain","Liechtenstein",0,"LI","incoming"
"Spain","Lithuania",0,"LT","incoming"
"Spain","Luxembourg",0,"LU","incoming"
"Spain","Latvia",0,"LV","incoming"
"Spain","Malta",0,"MT","incoming"
"Spain","Netherlands",NA,"NL","incoming"
"Spain","Norway",NA,"NO","incoming"
"Spain","Poland",NA,"PL","incoming"
"Spain","Portugal",NA,"PT","incoming"
"Spain","Romania",0,"RO","incoming"
"Spain","Sweden",0,"SE","incoming"
"Spain","Slovenia",1,"SI","incoming"
"Spain","Slovakia",0,"SK","incoming"
"Spain","United Kingdom",0,"UK","incoming"
"Finland","Austria",NA,"AT","incoming"
"Finland","Belgium",23,"BE","incoming"
"Finland","Bulgaria",1,"BG","incoming"
"Finland","Switzerland",19,"CH","incoming"
"Finland","Cyprus",NA,"CY","incoming"
"Finland","Czech Republic",NA,"CZ","incoming"
"Finland","Germany (until 1990 former territory of the FRG)",48,"DE","incoming"
"Finland","Denmark",17,"DK","incoming"
"Finland","Estonia",20,"EE","incoming"
"Finland","Greece",0,"EL","incoming"
"Finland","Spain",NA,"ES","incoming"
"Finland","Finland",NA,"FI","incoming"
"Finland","France",42,"FR","incoming"
"Finland","Croatia",0,"HR","incoming"
"Finland","Hungary",12,"HU","incoming"
"Finland","Ireland",1,"IE","incoming"
"Finland","Iceland",NA,"IS","incoming"
"Finland","Italy",NA,"IT","incoming"
"Finland","Liechtenstein",0,"LI","incoming"
"Finland","Lithuania",4,"LT","incoming"
"Finland","Luxembourg",4,"LU","incoming"
"Finland","Latvia",0,"LV","incoming"
"Finland","Malta",14,"MT","incoming"
"Finland","Netherlands",NA,"NL","incoming"
"Finland","Norway",NA,"NO","incoming"
"Finland","Poland",NA,"PL","incoming"
"Finland","Portugal",NA,"PT","incoming"
"Finland","Romania",1,"RO","incoming"
"Finland","Sweden",0,"SE","incoming"
"Finland","Slovenia",4,"SI","incoming"
"Finland","Slovakia",6,"SK","incoming"
"Finland","United Kingdom",5,"UK","incoming"
"France","Austria",NA,"AT","incoming"
"France","Belgium",156,"BE","incoming"
"France","Bulgaria",3,"BG","incoming"
"France","Switzerland",62,"CH","incoming"
"France","Cyprus",NA,"CY","incoming"
"France","Czech Republic",NA,"CZ","incoming"
"France","Germany (until 1990 former territory of the FRG)",134,"DE","incoming"
"France","Denmark",2,"DK","incoming"
"France","Estonia",0,"EE","incoming"
"France","Greece",0,"EL","incoming"
"France","Spain",NA,"ES","incoming"
"France","Finland",NA,"FI","incoming"
"France","France",0,"FR","incoming"
"France","Croatia",0,"HR","incoming"
"France","Hungary",55,"HU","incoming"
"France","Ireland",2,"IE","incoming"
"France","Iceland",NA,"IS","incoming"
"France","Italy",NA,"IT","incoming"
"France","Liechtenstein",0,"LI","incoming"
"France","Lithuania",1,"LT","incoming"
"France","Luxembourg",11,"LU","incoming"
"France","Latvia",3,"LV","incoming"
"France","Malta",2,"MT","incoming"
"France","Netherlands",NA,"NL","incoming"
"France","Norway",NA,"NO","incoming"
"France","Poland",NA,"PL","incoming"
"France","Portugal",NA,"PT","incoming"
"France","Romania",0,"RO","incoming"
"France","Sweden",0,"SE","incoming"
"France","Slovenia",2,"SI","incoming"
"France","Slovakia",2,"SK","incoming"
"France","United Kingdom",8,"UK","incoming"
"Croatia","Austria",NA,"AT","incoming"
"Croatia","Belgium",0,"BE","incoming"
"Croatia","Bulgaria",0,"BG","incoming"
"Croatia","Switzerland",0,"CH","incoming"
"Croatia","Cyprus",NA,"CY","incoming"
"Croatia","Germany (until 1990 former territory of the FRG)",0,"DE","incoming"
"Croatia","Denmark",0,"DK","incoming"
"Croatia","Estonia",0,"EE","incoming"
"Croatia","Greece",0,"EL","incoming"
"Croatia","Spain",NA,"ES","incoming"
"Croatia","Finland",NA,"FI","incoming"
"Croatia","France",0,"FR","incoming"
"Croatia","Croatia",0,"HR","incoming"
"Croatia","Hungary",1,"HU","incoming"
"Croatia","Ireland",0,"IE","incoming"
"Croatia","Italy",NA,"IT","incoming"
"Croatia","Liechtenstein",0,"LI","incoming"
"Croatia","Lithuania",0,"LT","incoming"
"Croatia","Luxembourg",0,"LU","incoming"
"Croatia","Latvia",0,"LV","incoming"
"Croatia","Malta",0,"MT","incoming"
"Croatia","Norway",NA,"NO","incoming"
"Croatia","Romania",0,"RO","incoming"
"Croatia","Sweden",0,"SE","incoming"
"Croatia","Slovenia",0,"SI","incoming"
"Croatia","Slovakia",0,"SK","incoming"
"Croatia","United Kingdom",0,"UK","incoming"
"Hungary","Austria",NA,"AT","incoming"
"Hungary","Belgium",1,"BE","incoming"
"Hungary","Bulgaria",44,"BG","incoming"
"Hungary","Switzerland",0,"CH","incoming"
"Hungary","Cyprus",NA,"CY","incoming"
"Hungary","Czech Republic",NA,"CZ","incoming"
"Hungary","Germany (until 1990 former territory of the FRG)",10,"DE","incoming"
"Hungary","Denmark",0,"DK","incoming"
"Hungary","Estonia",0,"EE","incoming"
"Hungary","Greece",0,"EL","incoming"
"Hungary","Spain",NA,"ES","incoming"
"Hungary","Finland",NA,"FI","incoming"
"Hungary","France",2,"FR","incoming"
"Hungary","Croatia",0,"HR","incoming"
"Hungary","Hungary",0,"HU","incoming"
"Hungary","Ireland",0,"IE","incoming"
"Hungary","Iceland",NA,"IS","incoming"
"Hungary","Italy",NA,"IT","incoming"
"Hungary","Liechtenstein",0,"LI","incoming"
"Hungary","Lithuania",0,"LT","incoming"
"Hungary","Luxembourg",0,"LU","incoming"
"Hungary","Latvia",0,"LV","incoming"
"Hungary","Malta",0,"MT","incoming"
"Hungary","Netherlands",NA,"NL","incoming"
"Hungary","Norway",NA,"NO","incoming"
"Hungary","Poland",NA,"PL","incoming"
"Hungary","Portugal",NA,"PT","incoming"
"Hungary","Romania",12,"RO","incoming"
"Hungary","Sweden",0,"SE","incoming"
"Hungary","Slovenia",0,"SI","incoming"
"Hungary","Slovakia",0,"SK","incoming"
"Hungary","United Kingdom",0,"UK","incoming"
"Ireland","Austria",NA,"AT","incoming"
"Ireland","Belgium",0,"BE","incoming"
"Ireland","Bulgaria",0,"BG","incoming"
"Ireland","Switzerland",5,"CH","incoming"
"Ireland","Cyprus",NA,"CY","incoming"
"Ireland","Czech Republic",NA,"CZ","incoming"
"Ireland","Germany (until 1990 former territory of the FRG)",2,"DE","incoming"
"Ireland","Denmark",0,"DK","incoming"
"Ireland","Estonia",0,"EE","incoming"
"Ireland","Greece",0,"EL","incoming"
"Ireland","Spain",NA,"ES","incoming"
"Ireland","Finland",NA,"FI","incoming"
"Ireland","France",0,"FR","incoming"
"Ireland","Croatia",0,"HR","incoming"
"Ireland","Hungary",0,"HU","incoming"
"Ireland","Ireland",0,"IE","incoming"
"Ireland","Iceland",NA,"IS","incoming"
"Ireland","Italy",NA,"IT","incoming"
"Ireland","Liechtenstein",0,"LI","incoming"
"Ireland","Lithuania",0,"LT","incoming"
"Ireland","Luxembourg",0,"LU","incoming"
"Ireland","Latvia",0,"LV","incoming"
"Ireland","Malta",0,"MT","incoming"
"Ireland","Netherlands",NA,"NL","incoming"
"Ireland","Norway",NA,"NO","incoming"
"Ireland","Poland",NA,"PL","incoming"
"Ireland","Portugal",NA,"PT","incoming"
"Ireland","Romania",0,"RO","incoming"
"Ireland","Sweden",0,"SE","incoming"
"Ireland","Slovenia",0,"SI","incoming"
"Ireland","Slovakia",0,"SK","incoming"
"Ireland","United Kingdom",1,"UK","incoming"
"Iceland","Austria",NA,"AT","incoming"
"Iceland","Belgium",0,"BE","incoming"
"Iceland","Bulgaria",0,"BG","incoming"
"Iceland","Switzerland",1,"CH","incoming"
"Iceland","Cyprus",NA,"CY","incoming"
"Iceland","Czech Republic",NA,"CZ","incoming"
"Iceland","Germany (until 1990 former territory of the FRG)",0,"DE","incoming"
"Iceland","Denmark",2,"DK","incoming"
"Iceland","Estonia",0,"EE","incoming"
"Iceland","Greece",0,"EL","incoming"
"Iceland","Spain",NA,"ES","incoming"
"Iceland","Finland",NA,"FI","incoming"
"Iceland","France",4,"FR","incoming"
"Iceland","Croatia",0,"HR","incoming"
"Iceland","Hungary",0,"HU","incoming"
"Iceland","Ireland",0,"IE","incoming"
"Iceland","Iceland",NA,"IS","incoming"
"Iceland","Italy",NA,"IT","incoming"
"Iceland","Liechtenstein",0,"LI","incoming"
"Iceland","Lithuania",0,"LT","incoming"
"Iceland","Luxembourg",0,"LU","incoming"
"Iceland","Latvia",0,"LV","incoming"
"Iceland","Malta",1,"MT","incoming"
"Iceland","Netherlands",NA,"NL","incoming"
"Iceland","Norway",NA,"NO","incoming"
"Iceland","Poland",NA,"PL","incoming"
"Iceland","Portugal",NA,"PT","incoming"
"Iceland","Romania",0,"RO","incoming"
"Iceland","Sweden",0,"SE","incoming"
"Iceland","Slovenia",0,"SI","incoming"
"Iceland","Slovakia",0,"SK","incoming"
"Iceland","United Kingdom",0,"UK","incoming"
"Italy","Austria",NA,"AT","incoming"
"Italy","Belgium",3,"BE","incoming"
"Italy","Bulgaria",0,"BG","incoming"
"Italy","Switzerland",1,"CH","incoming"
"Italy","Cyprus",NA,"CY","incoming"
"Italy","Czech Republic",NA,"CZ","incoming"
"Italy","Germany (until 1990 former territory of the FRG)",1,"DE","incoming"
"Italy","Denmark",0,"DK","incoming"
"Italy","Estonia",0,"EE","incoming"
"Italy","Greece",0,"EL","incoming"
"Italy","Spain",NA,"ES","incoming"
"Italy","Finland",NA,"FI","incoming"
"Italy","France",1,"FR","incoming"
"Italy","Croatia",0,"HR","incoming"
"Italy","Hungary",0,"HU","incoming"
"Italy","Ireland",0,"IE","incoming"
"Italy","Iceland",NA,"IS","incoming"
"Italy","Italy",NA,"IT","incoming"
"Italy","Liechtenstein",0,"LI","incoming"
"Italy","Lithuania",0,"LT","incoming"
"Italy","Luxembourg",0,"LU","incoming"
"Italy","Latvia",0,"LV","incoming"
"Italy","Malta",0,"MT","incoming"
"Italy","Netherlands",NA,"NL","incoming"
"Italy","Norway",NA,"NO","incoming"
"Italy","Poland",NA,"PL","incoming"
"Italy","Portugal",NA,"PT","incoming"
"Italy","Romania",0,"RO","incoming"
"Italy","Sweden",0,"SE","incoming"
"Italy","Slovenia",1,"SI","incoming"
"Italy","Slovakia",0,"SK","incoming"
"Italy","United Kingdom",0,"UK","incoming"
"Liechtenstein","Austria",NA,"AT","incoming"
"Liechtenstein","Belgium",0,"BE","incoming"
"Liechtenstein","Bulgaria",0,"BG","incoming"
"Liechtenstein","Switzerland",1,"CH","incoming"
"Liechtenstein","Cyprus",NA,"CY","incoming"
"Liechtenstein","Germany (until 1990 former territory of the FRG)",1,"DE","incoming"
"Liechtenstein","Denmark",0,"DK","incoming"
"Liechtenstein","Estonia",0,"EE","incoming"
"Liechtenstein","Greece",0,"EL","incoming"
"Liechtenstein","Spain",NA,"ES","incoming"
"Liechtenstein","Finland",NA,"FI","incoming"
"Liechtenstein","France",0,"FR","incoming"
"Liechtenstein","Croatia",0,"HR","incoming"
"Liechtenstein","Hungary",0,"HU","incoming"
"Liechtenstein","Ireland",0,"IE","incoming"
"Liechtenstein","Italy",NA,"IT","incoming"
"Liechtenstein","Liechtenstein",0,"LI","incoming"
"Liechtenstein","Lithuania",0,"LT","incoming"
"Liechtenstein","Luxembourg",0,"LU","incoming"
"Liechtenstein","Latvia",0,"LV","incoming"
"Liechtenstein","Malta",0,"MT","incoming"
"Liechtenstein","Norway",NA,"NO","incoming"
"Liechtenstein","Romania",0,"RO","incoming"
"Liechtenstein","Sweden",0,"SE","incoming"
"Liechtenstein","Slovenia",0,"SI","incoming"
"Liechtenstein","Slovakia",0,"SK","incoming"
"Liechtenstein","United Kingdom",0,"UK","incoming"
"Lithuania","Austria",NA,"AT","incoming"
"Lithuania","Belgium",1,"BE","incoming"
"Lithuania","Bulgaria",0,"BG","incoming"
"Lithuania","Switzerland",0,"CH","incoming"
"Lithuania","Cyprus",NA,"CY","incoming"
"Lithuania","Czech Republic",NA,"CZ","incoming"
"Lithuania","Germany (until 1990 former territory of the FRG)",2,"DE","incoming"
"Lithuania","Denmark",0,"DK","incoming"
"Lithuania","Estonia",0,"EE","incoming"
"Lithuania","Greece",0,"EL","incoming"
"Lithuania","Spain",NA,"ES","incoming"
"Lithuania","Finland",NA,"FI","incoming"
"Lithuania","France",1,"FR","incoming"
"Lithuania","Croatia",0,"HR","incoming"
"Lithuania","Hungary",0,"HU","incoming"
"Lithuania","Ireland",0,"IE","incoming"
"Lithuania","Iceland",NA,"IS","incoming"
"Lithuania","Italy",NA,"IT","incoming"
"Lithuania","Liechtenstein",0,"LI","incoming"
"Lithuania","Lithuania",0,"LT","incoming"
"Lithuania","Luxembourg",0,"LU","incoming"
"Lithuania","Latvia",0,"LV","incoming"
"Lithuania","Malta",0,"MT","incoming"
"Lithuania","Netherlands",NA,"NL","incoming"
"Lithuania","Norway",NA,"NO","incoming"
"Lithuania","Poland",NA,"PL","incoming"
"Lithuania","Portugal",NA,"PT","incoming"
"Lithuania","Romania",0,"RO","incoming"
"Lithuania","Sweden",0,"SE","incoming"
"Lithuania","Slovenia",0,"SI","incoming"
"Lithuania","Slovakia",0,"SK","incoming"
"Lithuania","United Kingdom",0,"UK","incoming"
"Luxembourg","Austria",NA,"AT","incoming"
"Luxembourg","Belgium",15,"BE","incoming"
"Luxembourg","Bulgaria",0,"BG","incoming"
"Luxembourg","Switzerland",14,"CH","incoming"
"Luxembourg","Cyprus",NA,"CY","incoming"
"Luxembourg","Czech Republic",NA,"CZ","incoming"
"Luxembourg","Germany (until 1990 former territory of the FRG)",20,"DE","incoming"
"Luxembourg","Denmark",4,"DK","incoming"
"Luxembourg","Estonia",0,"EE","incoming"
"Luxembourg","Greece",0,"EL","incoming"
"Luxembourg","Spain",NA,"ES","incoming"
"Luxembourg","Finland",NA,"FI","incoming"
"Luxembourg","France",11,"FR","incoming"
"Luxembourg","Croatia",0,"HR","incoming"
"Luxembourg","Hungary",12,"HU","incoming"
"Luxembourg","Ireland",0,"IE","incoming"
"Luxembourg","Iceland",NA,"IS","incoming"
"Luxembourg","Italy",NA,"IT","incoming"
"Luxembourg","Liechtenstein",0,"LI","incoming"
"Luxembourg","Lithuania",0,"LT","incoming"
"Luxembourg","Luxembourg",0,"LU","incoming"
"Luxembourg","Latvia",0,"LV","incoming"
"Luxembourg","Malta",0,"MT","incoming"
"Luxembourg","Netherlands",NA,"NL","incoming"
"Luxembourg","Norway",NA,"NO","incoming"
"Luxembourg","Poland",NA,"PL","incoming"
"Luxembourg","Portugal",NA,"PT","incoming"
"Luxembourg","Romania",1,"RO","incoming"
"Luxembourg","Sweden",0,"SE","incoming"
"Luxembourg","Slovenia",1,"SI","incoming"
"Luxembourg","Slovakia",0,"SK","incoming"
"Luxembourg","United Kingdom",1,"UK","incoming"
"Latvia","Austria",NA,"AT","incoming"
"Latvia","Belgium",0,"BE","incoming"
"Latvia","Bulgaria",0,"BG","incoming"
"Latvia","Switzerland",0,"CH","incoming"
"Latvia","Cyprus",NA,"CY","incoming"
"Latvia","Czech Republic",NA,"CZ","incoming"
"Latvia","Germany (until 1990 former territory of the FRG)",0,"DE","incoming"
"Latvia","Denmark",0,"DK","incoming"
"Latvia","Estonia",0,"EE","incoming"
"Latvia","Greece",0,"EL","incoming"
"Latvia","Spain",NA,"ES","incoming"
"Latvia","Finland",NA,"FI","incoming"
"Latvia","France",0,"FR","incoming"
"Latvia","Croatia",0,"HR","incoming"
"Latvia","Hungary",0,"HU","incoming"
"Latvia","Ireland",0,"IE","incoming"
"Latvia","Iceland",NA,"IS","incoming"
"Latvia","Italy",NA,"IT","incoming"
"Latvia","Liechtenstein",0,"LI","incoming"
"Latvia","Lithuania",2,"LT","incoming"
"Latvia","Luxembourg",0,"LU","incoming"
"Latvia","Latvia",0,"LV","incoming"
"Latvia","Malta",0,"MT","incoming"
"Latvia","Netherlands",NA,"NL","incoming"
"Latvia","Norway",NA,"NO","incoming"
"Latvia","Poland",NA,"PL","incoming"
"Latvia","Portugal",NA,"PT","incoming"
"Latvia","Romania",0,"RO","incoming"
"Latvia","Sweden",0,"SE","incoming"
"Latvia","Slovenia",0,"SI","incoming"
"Latvia","Slovakia",0,"SK","incoming"
"Latvia","United Kingdom",0,"UK","incoming"
"Malta","Austria",NA,"AT","incoming"
"Malta","Belgium",1,"BE","incoming"
"Malta","Bulgaria",0,"BG","incoming"
"Malta","Switzerland",0,"CH","incoming"
"Malta","Cyprus",NA,"CY","incoming"
"Malta","Czech Republic",NA,"CZ","incoming"
"Malta","Germany (until 1990 former territory of the FRG)",0,"DE","incoming"
"Malta","Denmark",0,"DK","incoming"
"Malta","Estonia",0,"EE","incoming"
"Malta","Greece",0,"EL","incoming"
"Malta","Spain",NA,"ES","incoming"
"Malta","Finland",NA,"FI","incoming"
"Malta","France",0,"FR","incoming"
"Malta","Croatia",0,"HR","incoming"
"Malta","Hungary",0,"HU","incoming"
"Malta","Ireland",0,"IE","incoming"
"Malta","Iceland",NA,"IS","incoming"
"Malta","Italy",NA,"IT","incoming"
"Malta","Liechtenstein",0,"LI","incoming"
"Malta","Lithuania",0,"LT","incoming"
"Malta","Luxembourg",0,"LU","incoming"
"Malta","Latvia",0,"LV","incoming"
"Malta","Malta",0,"MT","incoming"
"Malta","Netherlands",NA,"NL","incoming"
"Malta","Norway",NA,"NO","incoming"
"Malta","Poland",NA,"PL","incoming"
"Malta","Portugal",NA,"PT","incoming"
"Malta","Romania",0,"RO","incoming"
"Malta","Sweden",0,"SE","incoming"
"Malta","Slovenia",0,"SI","incoming"
"Malta","Slovakia",0,"SK","incoming"
"Malta","United Kingdom",1,"UK","incoming"
"Netherlands","Austria",NA,"AT","incoming"
"Netherlands","Belgium",108,"BE","incoming"
"Netherlands","Bulgaria",0,"BG","incoming"
"Netherlands","Switzerland",72,"CH","incoming"
"Netherlands","Cyprus",NA,"CY","incoming"
"Netherlands","Czech Republic",NA,"CZ","incoming"
"Netherlands","Germany (until 1990 former territory of the FRG)",119,"DE","incoming"
"Netherlands","Denmark",5,"DK","incoming"
"Netherlands","Estonia",4,"EE","incoming"
"Netherlands","Greece",0,"EL","incoming"
"Netherlands","Spain",NA,"ES","incoming"
"Netherlands","Finland",NA,"FI","incoming"
"Netherlands","France",176,"FR","incoming"
"Netherlands","Croatia",2,"HR","incoming"
"Netherlands","Hungary",21,"HU","incoming"
"Netherlands","Ireland",1,"IE","incoming"
"Netherlands","Iceland",NA,"IS","incoming"
"Netherlands","Italy",NA,"IT","incoming"
"Netherlands","Liechtenstein",0,"LI","incoming"
"Netherlands","Lithuania",1,"LT","incoming"
"Netherlands","Luxembourg",11,"LU","incoming"
"Netherlands","Latvia",1,"LV","incoming"
"Netherlands","Malta",32,"MT","incoming"
"Netherlands","Netherlands",NA,"NL","incoming"
"Netherlands","Norway",NA,"NO","incoming"
"Netherlands","Poland",NA,"PL","incoming"
"Netherlands","Portugal",NA,"PT","incoming"
"Netherlands","Romania",2,"RO","incoming"
"Netherlands","Sweden",0,"SE","incoming"
"Netherlands","Slovenia",1,"SI","incoming"
"Netherlands","Slovakia",5,"SK","incoming"
"Netherlands","United Kingdom",6,"UK","incoming"
"Norway","Austria",NA,"AT","incoming"
"Norway","Belgium",38,"BE","incoming"
"Norway","Bulgaria",6,"BG","incoming"
"Norway","Switzerland",69,"CH","incoming"
"Norway","Cyprus",NA,"CY","incoming"
"Norway","Czech Republic",NA,"CZ","incoming"
"Norway","Germany (until 1990 former territory of the FRG)",156,"DE","incoming"
"Norway","Denmark",24,"DK","incoming"
"Norway","Estonia",0,"EE","incoming"
"Norway","Greece",0,"EL","incoming"
"Norway","Spain",NA,"ES","incoming"
"Norway","Finland",NA,"FI","incoming"
"Norway","France",141,"FR","incoming"
"Norway","Croatia",1,"HR","incoming"
"Norway","Hungary",38,"HU","incoming"
"Norway","Ireland",1,"IE","incoming"
"Norway","Iceland",NA,"IS","incoming"
"Norway","Italy",NA,"IT","incoming"
"Norway","Liechtenstein",0,"LI","incoming"
"Norway","Lithuania",4,"LT","incoming"
"Norway","Luxembourg",2,"LU","incoming"
"Norway","Latvia",6,"LV","incoming"
"Norway","Malta",31,"MT","incoming"
"Norway","Netherlands",NA,"NL","incoming"
"Norway","Norway",NA,"NO","incoming"
"Norway","Poland",NA,"PL","incoming"
"Norway","Portugal",NA,"PT","incoming"
"Norway","Romania",5,"RO","incoming"
"Norway","Sweden",0,"SE","incoming"
"Norway","Slovenia",2,"SI","incoming"
"Norway","Slovakia",11,"SK","incoming"
"Norway","United Kingdom",7,"UK","incoming"
"Poland","Austria",NA,"AT","incoming"
"Poland","Belgium",11,"BE","incoming"
"Poland","Bulgaria",0,"BG","incoming"
"Poland","Switzerland",2,"CH","incoming"
"Poland","Cyprus",NA,"CY","incoming"
"Poland","Czech Republic",NA,"CZ","incoming"
"Poland","Germany (until 1990 former territory of the FRG)",24,"DE","incoming"
"Poland","Denmark",5,"DK","incoming"
"Poland","Estonia",1,"EE","incoming"
"Poland","Greece",0,"EL","incoming"
"Poland","Spain",NA,"ES","incoming"
"Poland","Finland",NA,"FI","incoming"
"Poland","France",4,"FR","incoming"
"Poland","Croatia",0,"HR","incoming"
"Poland","Hungary",7,"HU","incoming"
"Poland","Ireland",0,"IE","incoming"
"Poland","Iceland",NA,"IS","incoming"
"Poland","Italy",NA,"IT","incoming"
"Poland","Liechtenstein",0,"LI","incoming"
"Poland","Lithuania",4,"LT","incoming"
"Poland","Luxembourg",0,"LU","incoming"
"Poland","Latvia",0,"LV","incoming"
"Poland","Malta",0,"MT","incoming"
"Poland","Netherlands",NA,"NL","incoming"
"Poland","Norway",NA,"NO","incoming"
"Poland","Poland",NA,"PL","incoming"
"Poland","Portugal",NA,"PT","incoming"
"Poland","Romania",0,"RO","incoming"
"Poland","Sweden",0,"SE","incoming"
"Poland","Slovenia",0,"SI","incoming"
"Poland","Slovakia",0,"SK","incoming"
"Poland","United Kingdom",1,"UK","incoming"
"Portugal","Austria",NA,"AT","incoming"
"Portugal","Belgium",2,"BE","incoming"
"Portugal","Bulgaria",0,"BG","incoming"
"Portugal","Switzerland",1,"CH","incoming"
"Portugal","Cyprus",NA,"CY","incoming"
"Portugal","Czech Republic",NA,"CZ","incoming"
"Portugal","Germany (until 1990 former territory of the FRG)",3,"DE","incoming"
"Portugal","Denmark",0,"DK","incoming"
"Portugal","Estonia",0,"EE","incoming"
"Portugal","Greece",0,"EL","incoming"
"Portugal","Spain",NA,"ES","incoming"
"Portugal","Finland",NA,"FI","incoming"
"Portugal","France",2,"FR","incoming"
"Portugal","Croatia",0,"HR","incoming"
"Portugal","Hungary",0,"HU","incoming"
"Portugal","Ireland",0,"IE","incoming"
"Portugal","Iceland",NA,"IS","incoming"
"Portugal","Italy",NA,"IT","incoming"
"Portugal","Liechtenstein",0,"LI","incoming"
"Portugal","Lithuania",0,"LT","incoming"
"Portugal","Luxembourg",0,"LU","incoming"
"Portugal","Latvia",0,"LV","incoming"
"Portugal","Malta",0,"MT","incoming"
"Portugal","Netherlands",NA,"NL","incoming"
"Portugal","Norway",NA,"NO","incoming"
"Portugal","Poland",NA,"PL","incoming"
"Portugal","Portugal",NA,"PT","incoming"
"Portugal","Romania",0,"RO","incoming"
"Portugal","Sweden",0,"SE","incoming"
"Portugal","Slovenia",0,"SI","incoming"
"Portugal","Slovakia",0,"SK","incoming"
"Portugal","United Kingdom",0,"UK","incoming"
"Romania","Austria",NA,"AT","incoming"
"Romania","Belgium",0,"BE","incoming"
"Romania","Bulgaria",0,"BG","incoming"
"Romania","Switzerland",0,"CH","incoming"
"Romania","Cyprus",NA,"CY","incoming"
"Romania","Czech Republic",NA,"CZ","incoming"
"Romania","Germany (until 1990 former territory of the FRG)",5,"DE","incoming"
"Romania","Denmark",0,"DK","incoming"
"Romania","Estonia",0,"EE","incoming"
"Romania","Greece",0,"EL","incoming"
"Romania","Spain",NA,"ES","incoming"
"Romania","Finland",NA,"FI","incoming"
"Romania","France",1,"FR","incoming"
"Romania","Croatia",0,"HR","incoming"
"Romania","Hungary",0,"HU","incoming"
"Romania","Ireland",0,"IE","incoming"
"Romania","Iceland",NA,"IS","incoming"
"Romania","Italy",NA,"IT","incoming"
"Romania","Liechtenstein",0,"LI","incoming"
"Romania","Lithuania",0,"LT","incoming"
"Romania","Luxembourg",0,"LU","incoming"
"Romania","Latvia",0,"LV","incoming"
"Romania","Malta",0,"MT","incoming"
"Romania","Netherlands",NA,"NL","incoming"
"Romania","Norway",NA,"NO","incoming"
"Romania","Poland",NA,"PL","incoming"
"Romania","Portugal",NA,"PT","incoming"
"Romania","Romania",0,"RO","incoming"
"Romania","Sweden",0,"SE","incoming"
"Romania","Slovenia",0,"SI","incoming"
"Romania","Slovakia",0,"SK","incoming"
"Romania","United Kingdom",2,"UK","incoming"
"Sweden","Austria",NA,"AT","incoming"
"Sweden","Belgium",108,"BE","incoming"
"Sweden","Bulgaria",9,"BG","incoming"
"Sweden","Switzerland",118,"CH","incoming"
"Sweden","Cyprus",NA,"CY","incoming"
"Sweden","Czech Republic",NA,"CZ","incoming"
"Sweden","Germany (until 1990 former territory of the FRG)",393,"DE","incoming"
"Sweden","Denmark",161,"DK","incoming"
"Sweden","Estonia",2,"EE","incoming"
"Sweden","Greece",0,"EL","incoming"
"Sweden","Spain",NA,"ES","incoming"
"Sweden","Finland",NA,"FI","incoming"
"Sweden","France",288,"FR","incoming"
"Sweden","Croatia",0,"HR","incoming"
"Sweden","Hungary",55,"HU","incoming"
"Sweden","Ireland",1,"IE","incoming"
"Sweden","Iceland",NA,"IS","incoming"
"Sweden","Italy",NA,"IT","incoming"
"Sweden","Liechtenstein",0,"LI","incoming"
"Sweden","Lithuania",11,"LT","incoming"
"Sweden","Luxembourg",0,"LU","incoming"
"Sweden","Latvia",14,"LV","incoming"
"Sweden","Malta",95,"MT","incoming"
"Sweden","Netherlands",NA,"NL","incoming"
"Sweden","Norway",NA,"NO","incoming"
"Sweden","Poland",NA,"PL","incoming"
"Sweden","Portugal",NA,"PT","incoming"
"Sweden","Romania",4,"RO","incoming"
"Sweden","Sweden",0,"SE","incoming"
"Sweden","Slovenia",5,"SI","incoming"
"Sweden","Slovakia",7,"SK","incoming"
"Sweden","United Kingdom",3,"UK","incoming"
"Slovenia","Austria",NA,"AT","incoming"
"Slovenia","Belgium",0,"BE","incoming"
"Slovenia","Bulgaria",0,"BG","incoming"
"Slovenia","Switzerland",1,"CH","incoming"
"Slovenia","Cyprus",NA,"CY","incoming"
"Slovenia","Czech Republic",NA,"CZ","incoming"
"Slovenia","Germany (until 1990 former territory of the FRG)",2,"DE","incoming"
"Slovenia","Denmark",0,"DK","incoming"
"Slovenia","Estonia",0,"EE","incoming"
"Slovenia","Greece",0,"EL","incoming"
"Slovenia","Spain",NA,"ES","incoming"
"Slovenia","Finland",NA,"FI","incoming"
"Slovenia","France",0,"FR","incoming"
"Slovenia","Croatia",1,"HR","incoming"
"Slovenia","Hungary",6,"HU","incoming"
"Slovenia","Ireland",0,"IE","incoming"
"Slovenia","Iceland",NA,"IS","incoming"
"Slovenia","Italy",NA,"IT","incoming"
"Slovenia","Liechtenstein",0,"LI","incoming"
"Slovenia","Lithuania",0,"LT","incoming"
"Slovenia","Luxembourg",0,"LU","incoming"
"Slovenia","Latvia",0,"LV","incoming"
"Slovenia","Malta",0,"MT","incoming"
"Slovenia","Netherlands",NA,"NL","incoming"
"Slovenia","Norway",NA,"NO","incoming"
"Slovenia","Poland",NA,"PL","incoming"
"Slovenia","Portugal",NA,"PT","incoming"
"Slovenia","Romania",0,"RO","incoming"
"Slovenia","Sweden",0,"SE","incoming"
"Slovenia","Slovenia",0,"SI","incoming"
"Slovenia","Slovakia",0,"SK","incoming"
"Slovenia","United Kingdom",0,"UK","incoming"
"Slovakia","Austria",NA,"AT","incoming"
"Slovakia","Belgium",0,"BE","incoming"
"Slovakia","Bulgaria",17,"BG","incoming"
"Slovakia","Switzerland",0,"CH","incoming"
"Slovakia","Cyprus",NA,"CY","incoming"
"Slovakia","Czech Republic",NA,"CZ","incoming"
"Slovakia","Germany (until 1990 former territory of the FRG)",1,"DE","incoming"
"Slovakia","Denmark",0,"DK","incoming"
"Slovakia","Estonia",0,"EE","incoming"
"Slovakia","Greece",0,"EL","incoming"
"Slovakia","Spain",NA,"ES","incoming"
"Slovakia","Finland",NA,"FI","incoming"
"Slovakia","France",1,"FR","incoming"
"Slovakia","Croatia",0,"HR","incoming"
"Slovakia","Hungary",21,"HU","incoming"
"Slovakia","Ireland",0,"IE","incoming"
"Slovakia","Iceland",NA,"IS","incoming"
"Slovakia","Italy",NA,"IT","incoming"
"Slovakia","Liechtenstein",0,"LI","incoming"
"Slovakia","Lithuania",0,"LT","incoming"
"Slovakia","Luxembourg",0,"LU","incoming"
"Slovakia","Latvia",0,"LV","incoming"
"Slovakia","Malta",0,"MT","incoming"
"Slovakia","Netherlands",NA,"NL","incoming"
"Slovakia","Norway",NA,"NO","incoming"
"Slovakia","Poland",NA,"PL","incoming"
"Slovakia","Portugal",NA,"PT","incoming"
"Slovakia","Romania",0,"RO","incoming"
"Slovakia","Sweden",0,"SE","incoming"
"Slovakia","Slovenia",0,"SI","incoming"
"Slovakia","Slovakia",0,"SK","incoming"
"Slovakia","United Kingdom",0,"UK","incoming"
"Total","Austria",NA,"AT","incoming"
"Total","Belgium",1673,"BE","incoming"
"Total","Bulgaria",174,"BG","incoming"
"Total","Switzerland",933,"CH","incoming"
"Total","Cyprus",NA,"CY","incoming"
"Total","Czech Republic",NA,"CZ","incoming"
"Total","Germany (until 1990 former territory of the FRG)",1768,"DE","incoming"
"Total","Denmark",292,"DK","incoming"
"Total","Estonia",37,"EE","incoming"
"Total","Greece",2,"EL","incoming"
"Total","Spain",NA,"ES","incoming"
"Total","Finland",NA,"FI","incoming"
"Total","France",1725,"FR","incoming"
"Total","Croatia",28,"HR","incoming"
"Total","Hungary",827,"HU","incoming"
"Total","Ireland",67,"IE","incoming"
"Total","Iceland",NA,"IS","incoming"
"Total","Italy",NA,"IT","incoming"
"Total","Liechtenstein",0,"LI","incoming"
"Total","Lithuania",67,"LT","incoming"
"Total","Luxembourg",63,"LU","incoming"
"Total","Latvia",42,"LV","incoming"
"Total","Malta",271,"MT","incoming"
"Total","Netherlands",NA,"NL","incoming"
"Total","Norway",NA,"NO","incoming"
"Total","Poland",NA,"PL","incoming"
"Total","Portugal",NA,"PT","incoming"
"Total","Romania",41,"RO","incoming"
"Total","Sweden",0,"SE","incoming"
"Total","Slovenia",38,"SI","incoming"
"Total","Slovakia",98,"SK","incoming"
"Total","United Kingdom",69,"UK","incoming"
"United Kingdom","Austria",NA,"AT","incoming"
"United Kingdom","Belgium",51,"BE","incoming"
"United Kingdom","Bulgaria",2,"BG","incoming"
"United Kingdom","Switzerland",23,"CH","incoming"
"United Kingdom","Cyprus",NA,"CY","incoming"
"United Kingdom","Czech Republic",NA,"CZ","incoming"
"United Kingdom","Germany (until 1990 former territory of the FRG)",27,"DE","incoming"
"United Kingdom","Denmark",1,"DK","incoming"
"United Kingdom","Estonia",0,"EE","incoming"
"United Kingdom","Greece",0,"EL","incoming"
"United Kingdom","Spain",NA,"ES","incoming"
"United Kingdom","Finland",NA,"FI","incoming"
"United Kingdom","France",41,"FR","incoming"
"United Kingdom","Croatia",3,"HR","incoming"
"United Kingdom","Hungary",15,"HU","incoming"
"United Kingdom","Ireland",55,"IE","incoming"
"United Kingdom","Iceland",NA,"IS","incoming"
"United Kingdom","Italy",NA,"IT","incoming"
"United Kingdom","Liechtenstein",0,"LI","incoming"
"United Kingdom","Lithuania",2,"LT","incoming"
"United Kingdom","Luxembourg",0,"LU","incoming"
"United Kingdom","Latvia",0,"LV","incoming"
"United Kingdom","Malta",5,"MT","incoming"
"United Kingdom","Netherlands",NA,"NL","incoming"
"United Kingdom","Norway",NA,"NO","incoming"
"United Kingdom","Poland",NA,"PL","incoming"
"United Kingdom","Portugal",NA,"PT","incoming"
"United Kingdom","Romania",1,"RO","incoming"
"United Kingdom","Sweden",0,"SE","incoming"
"United Kingdom","Slovenia",3,"SI","incoming"
"United Kingdom","Slovakia",9,"SK","incoming"
"United Kingdom","United Kingdom",0,"UK","incoming"
"Austria","Austria",0,"AT","outgoing"
"Austria","Belgium",26,"BE","outgoing"
"Austria","Bulgaria",NA,"BG","outgoing"
"Austria","Switzerland",90,"CH","outgoing"
"Austria","Cyprus",NA,"CY","outgoing"
"Austria","Czech Republic",NA,"CZ","outgoing"
"Austria","Germany (until 1990 former territory of the FRG)",118,"DE","outgoing"
"Austria","Denmark",51,"DK","outgoing"
"Austria","Estonia",0,"EE","outgoing"
"Austria","Greece",29,"EL","outgoing"
"Austria","Spain",NA,"ES","outgoing"
"Austria","Finland",NA,"FI","outgoing"
"Austria","France",17,"FR","outgoing"
"Austria","Croatia",0,"HR","outgoing"
"Austria","Hungary",11,"HU","outgoing"
"Austria","Ireland",0,"IE","outgoing"
"Austria","Iceland",NA,"IS","outgoing"
"Austria","Italy",NA,"IT","outgoing"
"Austria","Liechtenstein",0,"LI","outgoing"
"Austria","Lithuania",NA,"LT","outgoing"
"Austria","Luxembourg",6,"LU","outgoing"
"Austria","Latvia",0,"LV","outgoing"
"Austria","Malta",0,"MT","outgoing"
"Austria","Netherlands",NA,"NL","outgoing"
"Austria","Norway",45,"NO","outgoing"
"Austria","Poland",NA,"PL","outgoing"
"Austria","Portugal",NA,"PT","outgoing"
"Austria","Romania",2,"RO","outgoing"
"Austria","Sweden",58,"SE","outgoing"
"Austria","Slovenia",0,"SI","outgoing"
"Austria","Slovakia",3,"SK","outgoing"
"Austria","United Kingdom",18,"UK","outgoing"
"Belgium","Austria",15,"AT","outgoing"
"Belgium","Belgium",0,"BE","outgoing"
"Belgium","Bulgaria",NA,"BG","outgoing"
"Belgium","Switzerland",78,"CH","outgoing"
"Belgium","Cyprus",NA,"CY","outgoing"
"Belgium","Czech Republic",NA,"CZ","outgoing"
"Belgium","Germany (until 1990 former territory of the FRG)",469,"DE","outgoing"
"Belgium","Denmark",34,"DK","outgoing"
"Belgium","Estonia",0,"EE","outgoing"
"Belgium","Greece",20,"EL","outgoing"
"Belgium","Spain",NA,"ES","outgoing"
"Belgium","Finland",NA,"FI","outgoing"
"Belgium","France",75,"FR","outgoing"
"Belgium","Croatia",0,"HR","outgoing"
"Belgium","Hungary",1,"HU","outgoing"
"Belgium","Ireland",0,"IE","outgoing"
"Belgium","Iceland",NA,"IS","outgoing"
"Belgium","Italy",NA,"IT","outgoing"
"Belgium","Liechtenstein",0,"LI","outgoing"
"Belgium","Lithuania",NA,"LT","outgoing"
"Belgium","Luxembourg",29,"LU","outgoing"
"Belgium","Latvia",0,"LV","outgoing"
"Belgium","Malta",0,"MT","outgoing"
"Belgium","Netherlands",NA,"NL","outgoing"
"Belgium","Norway",33,"NO","outgoing"
"Belgium","Poland",NA,"PL","outgoing"
"Belgium","Portugal",NA,"PT","outgoing"
"Belgium","Romania",0,"RO","outgoing"
"Belgium","Sweden",73,"SE","outgoing"
"Belgium","Slovenia",0,"SI","outgoing"
"Belgium","Slovakia",0,"SK","outgoing"
"Belgium","United Kingdom",32,"UK","outgoing"
"Bulgaria","Austria",48,"AT","outgoing"
"Bulgaria","Belgium",15,"BE","outgoing"
"Bulgaria","Bulgaria",NA,"BG","outgoing"
"Bulgaria","Switzerland",16,"CH","outgoing"
"Bulgaria","Cyprus",NA,"CY","outgoing"
"Bulgaria","Czech Republic",NA,"CZ","outgoing"
"Bulgaria","Germany (until 1990 former territory of the FRG)",27,"DE","outgoing"
"Bulgaria","Denmark",4,"DK","outgoing"
"Bulgaria","Estonia",0,"EE","outgoing"
"Bulgaria","Greece",1,"EL","outgoing"
"Bulgaria","Spain",NA,"ES","outgoing"
"Bulgaria","Finland",NA,"FI","outgoing"
"Bulgaria","France",4,"FR","outgoing"
"Bulgaria","Croatia",0,"HR","outgoing"
"Bulgaria","Hungary",48,"HU","outgoing"
"Bulgaria","Ireland",0,"IE","outgoing"
"Bulgaria","Iceland",NA,"IS","outgoing"
"Bulgaria","Italy",NA,"IT","outgoing"
"Bulgaria","Liechtenstein",0,"LI","outgoing"
"Bulgaria","Lithuania",NA,"LT","outgoing"
"Bulgaria","Luxembourg",0,"LU","outgoing"
"Bulgaria","Latvia",0,"LV","outgoing"
"Bulgaria","Malta",0,"MT","outgoing"
"Bulgaria","Netherlands",NA,"NL","outgoing"
"Bulgaria","Norway",8,"NO","outgoing"
"Bulgaria","Poland",NA,"PL","outgoing"
"Bulgaria","Portugal",NA,"PT","outgoing"
"Bulgaria","Romania",0,"RO","outgoing"
"Bulgaria","Sweden",9,"SE","outgoing"
"Bulgaria","Slovenia",0,"SI","outgoing"
"Bulgaria","Slovakia",16,"SK","outgoing"
"Bulgaria","United Kingdom",3,"UK","outgoing"
"Switzerland","Austria",76,"AT","outgoing"
"Switzerland","Belgium",41,"BE","outgoing"
"Switzerland","Bulgaria",NA,"BG","outgoing"
"Switzerland","Switzerland",0,"CH","outgoing"
"Switzerland","Cyprus",NA,"CY","outgoing"
"Switzerland","Czech Republic",NA,"CZ","outgoing"
"Switzerland","Germany (until 1990 former territory of the FRG)",202,"DE","outgoing"
"Switzerland","Denmark",30,"DK","outgoing"
"Switzerland","Estonia",0,"EE","outgoing"
"Switzerland","Greece",53,"EL","outgoing"
"Switzerland","Spain",NA,"ES","outgoing"
"Switzerland","Finland",NA,"FI","outgoing"
"Switzerland","France",30,"FR","outgoing"
"Switzerland","Croatia",0,"HR","outgoing"
"Switzerland","Hungary",0,"HU","outgoing"
"Switzerland","Ireland",2,"IE","outgoing"
"Switzerland","Iceland",NA,"IS","outgoing"
"Switzerland","Italy",NA,"IT","outgoing"
"Switzerland","Liechtenstein",0,"LI","outgoing"
"Switzerland","Lithuania",NA,"LT","outgoing"
"Switzerland","Luxembourg",14,"LU","outgoing"
"Switzerland","Latvia",0,"LV","outgoing"
"Switzerland","Malta",0,"MT","outgoing"
"Switzerland","Netherlands",NA,"NL","outgoing"
"Switzerland","Norway",66,"NO","outgoing"
"Switzerland","Poland",NA,"PL","outgoing"
"Switzerland","Portugal",NA,"PT","outgoing"
"Switzerland","Romania",0,"RO","outgoing"
"Switzerland","Sweden",92,"SE","outgoing"
"Switzerland","Slovenia",0,"SI","outgoing"
"Switzerland","Slovakia",0,"SK","outgoing"
"Switzerland","United Kingdom",11,"UK","outgoing"
"Cyprus","Austria",4,"AT","outgoing"
"Cyprus","Belgium",0,"BE","outgoing"
"Cyprus","Bulgaria",NA,"BG","outgoing"
"Cyprus","Switzerland",0,"CH","outgoing"
"Cyprus","Cyprus",NA,"CY","outgoing"
"Cyprus","Czech Republic",NA,"CZ","outgoing"
"Cyprus","Germany (until 1990 former territory of the FRG)",1,"DE","outgoing"
"Cyprus","Denmark",3,"DK","outgoing"
"Cyprus","Estonia",0,"EE","outgoing"
"Cyprus","Greece",0,"EL","outgoing"
"Cyprus","Spain",NA,"ES","outgoing"
"Cyprus","Finland",NA,"FI","outgoing"
"Cyprus","France",1,"FR","outgoing"
"Cyprus","Croatia",0,"HR","outgoing"
"Cyprus","Hungary",0,"HU","outgoing"
"Cyprus","Ireland",0,"IE","outgoing"
"Cyprus","Iceland",NA,"IS","outgoing"
"Cyprus","Italy",NA,"IT","outgoing"
"Cyprus","Liechtenstein",0,"LI","outgoing"
"Cyprus","Lithuania",NA,"LT","outgoing"
"Cyprus","Luxembourg",0,"LU","outgoing"
"Cyprus","Latvia",0,"LV","outgoing"
"Cyprus","Malta",0,"MT","outgoing"
"Cyprus","Netherlands",NA,"NL","outgoing"
"Cyprus","Norway",3,"NO","outgoing"
"Cyprus","Poland",NA,"PL","outgoing"
"Cyprus","Portugal",NA,"PT","outgoing"
"Cyprus","Romania",0,"RO","outgoing"
"Cyprus","Sweden",3,"SE","outgoing"
"Cyprus","Slovenia",0,"SI","outgoing"
"Cyprus","Slovakia",0,"SK","outgoing"
"Cyprus","United Kingdom",1,"UK","outgoing"
"Czech Republic","Austria",7,"AT","outgoing"
"Czech Republic","Belgium",4,"BE","outgoing"
"Czech Republic","Bulgaria",NA,"BG","outgoing"
"Czech Republic","Switzerland",9,"CH","outgoing"
"Czech Republic","Cyprus",NA,"CY","outgoing"
"Czech Republic","Czech Republic",NA,"CZ","outgoing"
"Czech Republic","Germany (until 1990 former territory of the FRG)",15,"DE","outgoing"
"Czech Republic","Denmark",4,"DK","outgoing"
"Czech Republic","Estonia",0,"EE","outgoing"
"Czech Republic","Greece",0,"EL","outgoing"
"Czech Republic","Spain",NA,"ES","outgoing"
"Czech Republic","Finland",NA,"FI","outgoing"
"Czech Republic","France",1,"FR","outgoing"
"Czech Republic","Croatia",0,"HR","outgoing"
"Czech Republic","Hungary",0,"HU","outgoing"
"Czech Republic","Ireland",0,"IE","outgoing"
"Czech Republic","Iceland",NA,"IS","outgoing"
"Czech Republic","Italy",NA,"IT","outgoing"
"Czech Republic","Liechtenstein",0,"LI","outgoing"
"Czech Republic","Lithuania",NA,"LT","outgoing"
"Czech Republic","Luxembourg",0,"LU","outgoing"
"Czech Republic","Latvia",0,"LV","outgoing"
"Czech Republic","Malta",0,"MT","outgoing"
"Czech Republic","Netherlands",NA,"NL","outgoing"
"Czech Republic","Norway",13,"NO","outgoing"
"Czech Republic","Poland",NA,"PL","outgoing"
"Czech Republic","Portugal",NA,"PT","outgoing"
"Czech Republic","Romania",0,"RO","outgoing"
"Czech Republic","Sweden",21,"SE","outgoing"
"Czech Republic","Slovenia",0,"SI","outgoing"
"Czech Republic","Slovakia",0,"SK","outgoing"
"Czech Republic","United Kingdom",1,"UK","outgoing"
"Germany (until 1990 former territory of the FRG)","Austria",69,"AT","outgoing"
"Germany (until 1990 former territory of the FRG)","Belgium",85,"BE","outgoing"
"Germany (until 1990 former territory of the FRG)","Bulgaria",NA,"BG","outgoing"
"Germany (until 1990 former territory of the FRG)","Switzerland",235,"CH","outgoing"
"Germany (until 1990 former territory of the FRG)","Cyprus",NA,"CY","outgoing"
"Germany (until 1990 former territory of the FRG)","Czech Republic",NA,"CZ","outgoing"
"Germany (until 1990 former territory of the FRG)","Germany (until 1990 former territory of the FRG)",0,"DE","outgoing"
"Germany (until 1990 former territory of the FRG)","Denmark",97,"DK","outgoing"
"Germany (until 1990 former territory of the FRG)","Estonia",0,"EE","outgoing"
"Germany (until 1990 former territory of the FRG)","Greece",423,"EL","outgoing"
"Germany (until 1990 former territory of the FRG)","Spain",NA,"ES","outgoing"
"Germany (until 1990 former territory of the FRG)","Finland",NA,"FI","outgoing"
"Germany (until 1990 former territory of the FRG)","France",85,"FR","outgoing"
"Germany (until 1990 former territory of the FRG)","Croatia",0,"HR","outgoing"
"Germany (until 1990 former territory of the FRG)","Hungary",9,"HU","outgoing"
"Germany (until 1990 former territory of the FRG)","Ireland",0,"IE","outgoing"
"Germany (until 1990 former territory of the FRG)","Iceland",NA,"IS","outgoing"
"Germany (until 1990 former territory of the FRG)","Italy",NA,"IT","outgoing"
"Germany (until 1990 former territory of the FRG)","Liechtenstein",0,"LI","outgoing"
"Germany (until 1990 former territory of the FRG)","Lithuania",NA,"LT","outgoing"
"Germany (until 1990 former territory of the FRG)","Luxembourg",21,"LU","outgoing"
"Germany (until 1990 former territory of the FRG)","Latvia",0,"LV","outgoing"
"Germany (until 1990 former territory of the FRG)","Malta",0,"MT","outgoing"
"Germany (until 1990 former territory of the FRG)","Netherlands",NA,"NL","outgoing"
"Germany (until 1990 former territory of the FRG)","Norway",176,"NO","outgoing"
"Germany (until 1990 former territory of the FRG)","Poland",NA,"PL","outgoing"
"Germany (until 1990 former territory of the FRG)","Portugal",NA,"PT","outgoing"
"Germany (until 1990 former territory of the FRG)","Romania",6,"RO","outgoing"
"Germany (until 1990 former territory of the FRG)","Sweden",315,"SE","outgoing"
"Germany (until 1990 former territory of the FRG)","Slovenia",0,"SI","outgoing"
"Germany (until 1990 former territory of the FRG)","Slovakia",2,"SK","outgoing"
"Germany (until 1990 former territory of the FRG)","United Kingdom",17,"UK","outgoing"
"Denmark","Austria",6,"AT","outgoing"
"Denmark","Belgium",5,"BE","outgoing"
"Denmark","Bulgaria",NA,"BG","outgoing"
"Denmark","Switzerland",14,"CH","outgoing"
"Denmark","Cyprus",NA,"CY","outgoing"
"Denmark","Czech Republic",NA,"CZ","outgoing"
"Denmark","Germany (until 1990 former territory of the FRG)",51,"DE","outgoing"
"Denmark","Denmark",0,"DK","outgoing"
"Denmark","Estonia",0,"EE","outgoing"
"Denmark","Greece",9,"EL","outgoing"
"Denmark","Spain",NA,"ES","outgoing"
"Denmark","Finland",NA,"FI","outgoing"
"Denmark","France",1,"FR","outgoing"
"Denmark","Croatia",0,"HR","outgoing"
"Denmark","Hungary",0,"HU","outgoing"
"Denmark","Ireland",0,"IE","outgoing"
"Denmark","Iceland",NA,"IS","outgoing"
"Denmark","Italy",NA,"IT","outgoing"
"Denmark","Liechtenstein",0,"LI","outgoing"
"Denmark","Lithuania",NA,"LT","outgoing"
"Denmark","Luxembourg",4,"LU","outgoing"
"Denmark","Latvia",0,"LV","outgoing"
"Denmark","Malta",0,"MT","outgoing"
"Denmark","Netherlands",NA,"NL","outgoing"
"Denmark","Norway",30,"NO","outgoing"
"Denmark","Poland",NA,"PL","outgoing"
"Denmark","Portugal",NA,"PT","outgoing"
"Denmark","Romania",0,"RO","outgoing"
"Denmark","Sweden",159,"SE","outgoing"
"Denmark","Slovenia",0,"SI","outgoing"
"Denmark","Slovakia",0,"SK","outgoing"
"Denmark","United Kingdom",1,"UK","outgoing"
"Estonia","Austria",0,"AT","outgoing"
"Estonia","Belgium",0,"BE","outgoing"
"Estonia","Bulgaria",NA,"BG","outgoing"
"Estonia","Switzerland",0,"CH","outgoing"
"Estonia","Cyprus",NA,"CY","outgoing"
"Estonia","Czech Republic",NA,"CZ","outgoing"
"Estonia","Germany (until 1990 former territory of the FRG)",2,"DE","outgoing"
"Estonia","Denmark",2,"DK","outgoing"
"Estonia","Estonia",0,"EE","outgoing"
"Estonia","Greece",0,"EL","outgoing"
"Estonia","Spain",NA,"ES","outgoing"
"Estonia","Finland",NA,"FI","outgoing"
"Estonia","France",0,"FR","outgoing"
"Estonia","Croatia",0,"HR","outgoing"
"Estonia","Hungary",0,"HU","outgoing"
"Estonia","Ireland",0,"IE","outgoing"
"Estonia","Iceland",NA,"IS","outgoing"
"Estonia","Italy",NA,"IT","outgoing"
"Estonia","Liechtenstein",0,"LI","outgoing"
"Estonia","Lithuania",NA,"LT","outgoing"
"Estonia","Luxembourg",0,"LU","outgoing"
"Estonia","Latvia",0,"LV","outgoing"
"Estonia","Malta",0,"MT","outgoing"
"Estonia","Netherlands",NA,"NL","outgoing"
"Estonia","Norway",3,"NO","outgoing"
"Estonia","Poland",NA,"PL","outgoing"
"Estonia","Portugal",NA,"PT","outgoing"
"Estonia","Romania",0,"RO","outgoing"
"Estonia","Sweden",3,"SE","outgoing"
"Estonia","Slovenia",0,"SI","outgoing"
"Estonia","Slovakia",0,"SK","outgoing"
"Estonia","United Kingdom",0,"UK","outgoing"
"Greece","Austria",0,"AT","outgoing"
"Greece","Belgium",2,"BE","outgoing"
"Greece","Bulgaria",NA,"BG","outgoing"
"Greece","Switzerland",1,"CH","outgoing"
"Greece","Cyprus",NA,"CY","outgoing"
"Greece","Czech Republic",NA,"CZ","outgoing"
"Greece","Germany (until 1990 former territory of the FRG)",0,"DE","outgoing"
"Greece","Denmark",0,"DK","outgoing"
"Greece","Estonia",0,"EE","outgoing"
"Greece","Greece",0,"EL","outgoing"
"Greece","Spain",NA,"ES","outgoing"
"Greece","Finland",NA,"FI","outgoing"
"Greece","France",0,"FR","outgoing"
"Greece","Croatia",0,"HR","outgoing"
"Greece","Hungary",0,"HU","outgoing"
"Greece","Ireland",0,"IE","outgoing"
"Greece","Iceland",NA,"IS","outgoing"
"Greece","Italy",NA,"IT","outgoing"
"Greece","Liechtenstein",0,"LI","outgoing"
"Greece","Lithuania",NA,"LT","outgoing"
"Greece","Luxembourg",0,"LU","outgoing"
"Greece","Latvia",0,"LV","outgoing"
"Greece","Malta",0,"MT","outgoing"
"Greece","Netherlands",NA,"NL","outgoing"
"Greece","Norway",0,"NO","outgoing"
"Greece","Poland",NA,"PL","outgoing"
"Greece","Portugal",NA,"PT","outgoing"
"Greece","Romania",0,"RO","outgoing"
"Greece","Sweden",0,"SE","outgoing"
"Greece","Slovenia",0,"SI","outgoing"
"Greece","Slovakia",0,"SK","outgoing"
"Greece","United Kingdom",0,"UK","outgoing"
"Spain","Austria",34,"AT","outgoing"
"Spain","Belgium",105,"BE","outgoing"
"Spain","Bulgaria",NA,"BG","outgoing"
"Spain","Switzerland",246,"CH","outgoing"
"Spain","Cyprus",NA,"CY","outgoing"
"Spain","Czech Republic",NA,"CZ","outgoing"
"Spain","Germany (until 1990 former territory of the FRG)",192,"DE","outgoing"
"Spain","Denmark",27,"DK","outgoing"
"Spain","Estonia",0,"EE","outgoing"
"Spain","Greece",1,"EL","outgoing"
"Spain","Spain",NA,"ES","outgoing"
"Spain","Finland",NA,"FI","outgoing"
"Spain","France",38,"FR","outgoing"
"Spain","Croatia",0,"HR","outgoing"
"Spain","Hungary",0,"HU","outgoing"
"Spain","Ireland",0,"IE","outgoing"
"Spain","Iceland",NA,"IS","outgoing"
"Spain","Italy",NA,"IT","outgoing"
"Spain","Liechtenstein",0,"LI","outgoing"
"Spain","Lithuania",NA,"LT","outgoing"
"Spain","Luxembourg",9,"LU","outgoing"
"Spain","Latvia",0,"LV","outgoing"
"Spain","Malta",0,"MT","outgoing"
"Spain","Netherlands",NA,"NL","outgoing"
"Spain","Norway",127,"NO","outgoing"
"Spain","Poland",NA,"PL","outgoing"
"Spain","Portugal",NA,"PT","outgoing"
"Spain","Romania",0,"RO","outgoing"
"Spain","Sweden",140,"SE","outgoing"
"Spain","Slovenia",0,"SI","outgoing"
"Spain","Slovakia",0,"SK","outgoing"
"Spain","United Kingdom",4,"UK","outgoing"
"Finland","Austria",1,"AT","outgoing"
"Finland","Belgium",4,"BE","outgoing"
"Finland","Bulgaria",NA,"BG","outgoing"
"Finland","Switzerland",1,"CH","outgoing"
"Finland","Cyprus",NA,"CY","outgoing"
"Finland","Czech Republic",NA,"CZ","outgoing"
"Finland","Germany (until 1990 former territory of the FRG)",19,"DE","outgoing"
"Finland","Denmark",3,"DK","outgoing"
"Finland","Estonia",1,"EE","outgoing"
"Finland","Greece",4,"EL","outgoing"
"Finland","Spain",NA,"ES","outgoing"
"Finland","Finland",NA,"FI","outgoing"
"Finland","France",0,"FR","outgoing"
"Finland","Croatia",0,"HR","outgoing"
"Finland","Hungary",1,"HU","outgoing"
"Finland","Ireland",0,"IE","outgoing"
"Finland","Iceland",NA,"IS","outgoing"
"Finland","Italy",NA,"IT","outgoing"
"Finland","Liechtenstein",0,"LI","outgoing"
"Finland","Lithuania",NA,"LT","outgoing"
"Finland","Luxembourg",2,"LU","outgoing"
"Finland","Latvia",1,"LV","outgoing"
"Finland","Malta",0,"MT","outgoing"
"Finland","Netherlands",NA,"NL","outgoing"
"Finland","Norway",11,"NO","outgoing"
"Finland","Poland",NA,"PL","outgoing"
"Finland","Portugal",NA,"PT","outgoing"
"Finland","Romania",0,"RO","outgoing"
"Finland","Sweden",32,"SE","outgoing"
"Finland","Slovenia",0,"SI","outgoing"
"Finland","Slovakia",0,"SK","outgoing"
"Finland","United Kingdom",2,"UK","outgoing"
"France","Austria",26,"AT","outgoing"
"France","Belgium",116,"BE","outgoing"
"France","Bulgaria",NA,"BG","outgoing"
"France","Switzerland",261,"CH","outgoing"
"France","Cyprus",NA,"CY","outgoing"
"France","Czech Republic",NA,"CZ","outgoing"
"France","Germany (until 1990 former territory of the FRG)",293,"DE","outgoing"
"France","Denmark",52,"DK","outgoing"
"France","Estonia",0,"EE","outgoing"
"France","Greece",9,"EL","outgoing"
"France","Spain",NA,"ES","outgoing"
"France","Finland",NA,"FI","outgoing"
"France","France",0,"FR","outgoing"
"France","Croatia",0,"HR","outgoing"
"France","Hungary",2,"HU","outgoing"
"France","Ireland",0,"IE","outgoing"
"France","Iceland",NA,"IS","outgoing"
"France","Italy",NA,"IT","outgoing"
"France","Liechtenstein",0,"LI","outgoing"
"France","Lithuania",NA,"LT","outgoing"
"France","Luxembourg",10,"LU","outgoing"
"France","Latvia",0,"LV","outgoing"
"France","Malta",0,"MT","outgoing"
"France","Netherlands",NA,"NL","outgoing"
"France","Norway",132,"NO","outgoing"
"France","Poland",NA,"PL","outgoing"
"France","Portugal",NA,"PT","outgoing"
"France","Romania",1,"RO","outgoing"
"France","Sweden",205,"SE","outgoing"
"France","Slovenia",0,"SI","outgoing"
"France","Slovakia",1,"SK","outgoing"
"France","United Kingdom",16,"UK","outgoing"
"Croatia","Austria",8,"AT","outgoing"
"Croatia","Belgium",1,"BE","outgoing"
"Croatia","Bulgaria",NA,"BG","outgoing"
"Croatia","Switzerland",10,"CH","outgoing"
"Croatia","Cyprus",NA,"CY","outgoing"
"Croatia","Germany (until 1990 former territory of the FRG)",12,"DE","outgoing"
"Croatia","Denmark",1,"DK","outgoing"
"Croatia","Estonia",0,"EE","outgoing"
"Croatia","Greece",0,"EL","outgoing"
"Croatia","Spain",NA,"ES","outgoing"
"Croatia","Finland",NA,"FI","outgoing"
"Croatia","France",0,"FR","outgoing"
"Croatia","Croatia",0,"HR","outgoing"
"Croatia","Hungary",0,"HU","outgoing"
"Croatia","Ireland",0,"IE","outgoing"
"Croatia","Italy",NA,"IT","outgoing"
"Croatia","Liechtenstein",0,"LI","outgoing"
"Croatia","Lithuania",NA,"LT","outgoing"
"Croatia","Luxembourg",1,"LU","outgoing"
"Croatia","Latvia",0,"LV","outgoing"
"Croatia","Malta",0,"MT","outgoing"
"Croatia","Norway",0,"NO","outgoing"
"Croatia","Romania",0,"RO","outgoing"
"Croatia","Sweden",1,"SE","outgoing"
"Croatia","Slovenia",5,"SI","outgoing"
"Croatia","Slovakia",0,"SK","outgoing"
"Croatia","United Kingdom",4,"UK","outgoing"
"Hungary","Austria",238,"AT","outgoing"
"Hungary","Belgium",32,"BE","outgoing"
"Hungary","Bulgaria",NA,"BG","outgoing"
"Hungary","Switzerland",58,"CH","outgoing"
"Hungary","Cyprus",NA,"CY","outgoing"
"Hungary","Czech Republic",NA,"CZ","outgoing"
"Hungary","Germany (until 1990 former territory of the FRG)",122,"DE","outgoing"
"Hungary","Denmark",11,"DK","outgoing"
"Hungary","Estonia",0,"EE","outgoing"
"Hungary","Greece",2,"EL","outgoing"
"Hungary","Spain",NA,"ES","outgoing"
"Hungary","Finland",NA,"FI","outgoing"
"Hungary","France",42,"FR","outgoing"
"Hungary","Croatia",1,"HR","outgoing"
"Hungary","Hungary",0,"HU","outgoing"
"Hungary","Ireland",0,"IE","outgoing"
"Hungary","Iceland",NA,"IS","outgoing"
"Hungary","Italy",NA,"IT","outgoing"
"Hungary","Liechtenstein",0,"LI","outgoing"
"Hungary","Lithuania",NA,"LT","outgoing"
"Hungary","Luxembourg",12,"LU","outgoing"
"Hungary","Latvia",0,"LV","outgoing"
"Hungary","Malta",0,"MT","outgoing"
"Hungary","Netherlands",NA,"NL","outgoing"
"Hungary","Norway",32,"NO","outgoing"
"Hungary","Poland",NA,"PL","outgoing"
"Hungary","Portugal",NA,"PT","outgoing"
"Hungary","Romania",0,"RO","outgoing"
"Hungary","Sweden",49,"SE","outgoing"
"Hungary","Slovenia",0,"SI","outgoing"
"Hungary","Slovakia",21,"SK","outgoing"
"Hungary","United Kingdom",7,"UK","outgoing"
"Ireland","Austria",0,"AT","outgoing"
"Ireland","Belgium",2,"BE","outgoing"
"Ireland","Bulgaria",NA,"BG","outgoing"
"Ireland","Switzerland",0,"CH","outgoing"
"Ireland","Cyprus",NA,"CY","outgoing"
"Ireland","Czech Republic",NA,"CZ","outgoing"
"Ireland","Germany (until 1990 former territory of the FRG)",0,"DE","outgoing"
"Ireland","Denmark",1,"DK","outgoing"
"Ireland","Estonia",0,"EE","outgoing"
"Ireland","Greece",0,"EL","outgoing"
"Ireland","Spain",NA,"ES","outgoing"
"Ireland","Finland",NA,"FI","outgoing"
"Ireland","France",2,"FR","outgoing"
"Ireland","Croatia",0,"HR","outgoing"
"Ireland","Hungary",0,"HU","outgoing"
"Ireland","Ireland",0,"IE","outgoing"
"Ireland","Iceland",NA,"IS","outgoing"
"Ireland","Italy",NA,"IT","outgoing"
"Ireland","Liechtenstein",0,"LI","outgoing"
"Ireland","Lithuania",NA,"LT","outgoing"
"Ireland","Luxembourg",0,"LU","outgoing"
"Ireland","Latvia",0,"LV","outgoing"
"Ireland","Malta",0,"MT","outgoing"
"Ireland","Netherlands",NA,"NL","outgoing"
"Ireland","Norway",1,"NO","outgoing"
"Ireland","Poland",NA,"PL","outgoing"
"Ireland","Portugal",NA,"PT","outgoing"
"Ireland","Romania",0,"RO","outgoing"
"Ireland","Sweden",1,"SE","outgoing"
"Ireland","Slovenia",0,"SI","outgoing"
"Ireland","Slovakia",0,"SK","outgoing"
"Ireland","United Kingdom",25,"UK","outgoing"
"Iceland","Austria",0,"AT","outgoing"
"Iceland","Belgium",0,"BE","outgoing"
"Iceland","Bulgaria",NA,"BG","outgoing"
"Iceland","Switzerland",0,"CH","outgoing"
"Iceland","Cyprus",NA,"CY","outgoing"
"Iceland","Czech Republic",NA,"CZ","outgoing"
"Iceland","Germany (until 1990 former territory of the FRG)",0,"DE","outgoing"
"Iceland","Denmark",0,"DK","outgoing"
"Iceland","Estonia",0,"EE","outgoing"
"Iceland","Greece",0,"EL","outgoing"
"Iceland","Spain",NA,"ES","outgoing"
"Iceland","Finland",NA,"FI","outgoing"
"Iceland","France",0,"FR","outgoing"
"Iceland","Croatia",0,"HR","outgoing"
"Iceland","Hungary",0,"HU","outgoing"
"Iceland","Ireland",0,"IE","outgoing"
"Iceland","Iceland",NA,"IS","outgoing"
"Iceland","Italy",NA,"IT","outgoing"
"Iceland","Liechtenstein",0,"LI","outgoing"
"Iceland","Lithuania",NA,"LT","outgoing"
"Iceland","Luxembourg",0,"LU","outgoing"
"Iceland","Latvia",0,"LV","outgoing"
"Iceland","Malta",0,"MT","outgoing"
"Iceland","Netherlands",NA,"NL","outgoing"
"Iceland","Norway",1,"NO","outgoing"
"Iceland","Poland",NA,"PL","outgoing"
"Iceland","Portugal",NA,"PT","outgoing"
"Iceland","Romania",0,"RO","outgoing"
"Iceland","Sweden",1,"SE","outgoing"
"Iceland","Slovenia",0,"SI","outgoing"
"Iceland","Slovakia",0,"SK","outgoing"
"Iceland","United Kingdom",0,"UK","outgoing"
"Italy","Austria",250,"AT","outgoing"
"Italy","Belgium",115,"BE","outgoing"
"Italy","Bulgaria",NA,"BG","outgoing"
"Italy","Switzerland",1367,"CH","outgoing"
"Italy","Cyprus",NA,"CY","outgoing"
"Italy","Czech Republic",NA,"CZ","outgoing"
"Italy","Germany (until 1990 former territory of the FRG)",598,"DE","outgoing"
"Italy","Denmark",136,"DK","outgoing"
"Italy","Estonia",0,"EE","outgoing"
"Italy","Greece",4,"EL","outgoing"
"Italy","Spain",NA,"ES","outgoing"
"Italy","Finland",NA,"FI","outgoing"
"Italy","France",83,"FR","outgoing"
"Italy","Croatia",1,"HR","outgoing"
"Italy","Hungary",0,"HU","outgoing"
"Italy","Ireland",0,"IE","outgoing"
"Italy","Iceland",NA,"IS","outgoing"
"Italy","Italy",NA,"IT","outgoing"
"Italy","Liechtenstein",1,"LI","outgoing"
"Italy","Lithuania",NA,"LT","outgoing"
"Italy","Luxembourg",36,"LU","outgoing"
"Italy","Latvia",0,"LV","outgoing"
"Italy","Malta",2,"MT","outgoing"
"Italy","Netherlands",NA,"NL","outgoing"
"Italy","Norway",412,"NO","outgoing"
"Italy","Poland",NA,"PL","outgoing"
"Italy","Portugal",NA,"PT","outgoing"
"Italy","Romania",0,"RO","outgoing"
"Italy","Sweden",306,"SE","outgoing"
"Italy","Slovenia",2,"SI","outgoing"
"Italy","Slovakia",1,"SK","outgoing"
"Italy","United Kingdom",74,"UK","outgoing"
"Liechtenstein","Austria",0,"AT","outgoing"
"Liechtenstein","Belgium",0,"BE","outgoing"
"Liechtenstein","Bulgaria",NA,"BG","outgoing"
"Liechtenstein","Switzerland",0,"CH","outgoing"
"Liechtenstein","Cyprus",NA,"CY","outgoing"
"Liechtenstein","Germany (until 1990 former territory of the FRG)",0,"DE","outgoing"
"Liechtenstein","Denmark",0,"DK","outgoing"
"Liechtenstein","Estonia",0,"EE","outgoing"
"Liechtenstein","Greece",0,"EL","outgoing"
"Liechtenstein","Spain",NA,"ES","outgoing"
"Liechtenstein","Finland",NA,"FI","outgoing"
"Liechtenstein","France",0,"FR","outgoing"
"Liechtenstein","Croatia",0,"HR","outgoing"
"Liechtenstein","Hungary",0,"HU","outgoing"
"Liechtenstein","Ireland",0,"IE","outgoing"
"Liechtenstein","Italy",NA,"IT","outgoing"
"Liechtenstein","Liechtenstein",0,"LI","outgoing"
"Liechtenstein","Lithuania",NA,"LT","outgoing"
"Liechtenstein","Luxembourg",0,"LU","outgoing"
"Liechtenstein","Latvia",0,"LV","outgoing"
"Liechtenstein","Malta",0,"MT","outgoing"
"Liechtenstein","Norway",0,"NO","outgoing"
"Liechtenstein","Romania",0,"RO","outgoing"
"Liechtenstein","Sweden",0,"SE","outgoing"
"Liechtenstein","Slovenia",0,"SI","outgoing"
"Liechtenstein","Slovakia",0,"SK","outgoing"
"Liechtenstein","United Kingdom",0,"UK","outgoing"
"Lithuania","Austria",15,"AT","outgoing"
"Lithuania","Belgium",3,"BE","outgoing"
"Lithuania","Bulgaria",NA,"BG","outgoing"
"Lithuania","Switzerland",6,"CH","outgoing"
"Lithuania","Cyprus",NA,"CY","outgoing"
"Lithuania","Czech Republic",NA,"CZ","outgoing"
"Lithuania","Germany (until 1990 former territory of the FRG)",16,"DE","outgoing"
"Lithuania","Denmark",1,"DK","outgoing"
"Lithuania","Estonia",1,"EE","outgoing"
"Lithuania","Greece",0,"EL","outgoing"
"Lithuania","Spain",NA,"ES","outgoing"
"Lithuania","Finland",NA,"FI","outgoing"
"Lithuania","France",1,"FR","outgoing"
"Lithuania","Croatia",0,"HR","outgoing"
"Lithuania","Hungary",0,"HU","outgoing"
"Lithuania","Ireland",0,"IE","outgoing"
"Lithuania","Iceland",NA,"IS","outgoing"
"Lithuania","Italy",NA,"IT","outgoing"
"Lithuania","Liechtenstein",0,"LI","outgoing"
"Lithuania","Lithuania",NA,"LT","outgoing"
"Lithuania","Luxembourg",1,"LU","outgoing"
"Lithuania","Latvia",3,"LV","outgoing"
"Lithuania","Malta",0,"MT","outgoing"
"Lithuania","Netherlands",NA,"NL","outgoing"
"Lithuania","Norway",8,"NO","outgoing"
"Lithuania","Poland",NA,"PL","outgoing"
"Lithuania","Portugal",NA,"PT","outgoing"
"Lithuania","Romania",0,"RO","outgoing"
"Lithuania","Sweden",26,"SE","outgoing"
"Lithuania","Slovenia",0,"SI","outgoing"
"Lithuania","Slovakia",0,"SK","outgoing"
"Lithuania","United Kingdom",1,"UK","outgoing"
"Luxembourg","Austria",2,"AT","outgoing"
"Luxembourg","Belgium",4,"BE","outgoing"
"Luxembourg","Bulgaria",NA,"BG","outgoing"
"Luxembourg","Switzerland",13,"CH","outgoing"
"Luxembourg","Cyprus",NA,"CY","outgoing"
"Luxembourg","Czech Republic",NA,"CZ","outgoing"
"Luxembourg","Germany (until 1990 former territory of the FRG)",16,"DE","outgoing"
"Luxembourg","Denmark",1,"DK","outgoing"
"Luxembourg","Estonia",0,"EE","outgoing"
"Luxembourg","Greece",0,"EL","outgoing"
"Luxembourg","Spain",NA,"ES","outgoing"
"Luxembourg","Finland",NA,"FI","outgoing"
"Luxembourg","France",3,"FR","outgoing"
"Luxembourg","Croatia",0,"HR","outgoing"
"Luxembourg","Hungary",0,"HU","outgoing"
"Luxembourg","Ireland",0,"IE","outgoing"
"Luxembourg","Iceland",NA,"IS","outgoing"
"Luxembourg","Italy",NA,"IT","outgoing"
"Luxembourg","Liechtenstein",0,"LI","outgoing"
"Luxembourg","Lithuania",NA,"LT","outgoing"
"Luxembourg","Luxembourg",0,"LU","outgoing"
"Luxembourg","Latvia",0,"LV","outgoing"
"Luxembourg","Malta",0,"MT","outgoing"
"Luxembourg","Netherlands",NA,"NL","outgoing"
"Luxembourg","Norway",2,"NO","outgoing"
"Luxembourg","Poland",NA,"PL","outgoing"
"Luxembourg","Portugal",NA,"PT","outgoing"
"Luxembourg","Romania",0,"RO","outgoing"
"Luxembourg","Sweden",1,"SE","outgoing"
"Luxembourg","Slovenia",0,"SI","outgoing"
"Luxembourg","Slovakia",0,"SK","outgoing"
"Luxembourg","United Kingdom",0,"UK","outgoing"
"Latvia","Austria",1,"AT","outgoing"
"Latvia","Belgium",2,"BE","outgoing"
"Latvia","Bulgaria",NA,"BG","outgoing"
"Latvia","Switzerland",6,"CH","outgoing"
"Latvia","Cyprus",NA,"CY","outgoing"
"Latvia","Czech Republic",NA,"CZ","outgoing"
"Latvia","Germany (until 1990 former territory of the FRG)",7,"DE","outgoing"
"Latvia","Denmark",2,"DK","outgoing"
"Latvia","Estonia",3,"EE","outgoing"
"Latvia","Greece",0,"EL","outgoing"
"Latvia","Spain",NA,"ES","outgoing"
"Latvia","Finland",NA,"FI","outgoing"
"Latvia","France",3,"FR","outgoing"
"Latvia","Croatia",0,"HR","outgoing"
"Latvia","Hungary",0,"HU","outgoing"
"Latvia","Ireland",0,"IE","outgoing"
"Latvia","Iceland",NA,"IS","outgoing"
"Latvia","Italy",NA,"IT","outgoing"
"Latvia","Liechtenstein",0,"LI","outgoing"
"Latvia","Lithuania",NA,"LT","outgoing"
"Latvia","Luxembourg",3,"LU","outgoing"
"Latvia","Latvia",0,"LV","outgoing"
"Latvia","Malta",0,"MT","outgoing"
"Latvia","Netherlands",NA,"NL","outgoing"
"Latvia","Norway",11,"NO","outgoing"
"Latvia","Poland",NA,"PL","outgoing"
"Latvia","Portugal",NA,"PT","outgoing"
"Latvia","Romania",0,"RO","outgoing"
"Latvia","Sweden",8,"SE","outgoing"
"Latvia","Slovenia",0,"SI","outgoing"
"Latvia","Slovakia",0,"SK","outgoing"
"Latvia","United Kingdom",0,"UK","outgoing"
"Malta","Austria",5,"AT","outgoing"
"Malta","Belgium",6,"BE","outgoing"
"Malta","Bulgaria",NA,"BG","outgoing"
"Malta","Switzerland",27,"CH","outgoing"
"Malta","Cyprus",NA,"CY","outgoing"
"Malta","Czech Republic",NA,"CZ","outgoing"
"Malta","Germany (until 1990 former territory of the FRG)",23,"DE","outgoing"
"Malta","Denmark",8,"DK","outgoing"
"Malta","Estonia",0,"EE","outgoing"
"Malta","Greece",0,"EL","outgoing"
"Malta","Spain",NA,"ES","outgoing"
"Malta","Finland",NA,"FI","outgoing"
"Malta","France",2,"FR","outgoing"
"Malta","Croatia",0,"HR","outgoing"
"Malta","Hungary",0,"HU","outgoing"
"Malta","Ireland",0,"IE","outgoing"
"Malta","Iceland",NA,"IS","outgoing"
"Malta","Italy",NA,"IT","outgoing"
"Malta","Liechtenstein",0,"LI","outgoing"
"Malta","Lithuania",NA,"LT","outgoing"
"Malta","Luxembourg",0,"LU","outgoing"
"Malta","Latvia",0,"LV","outgoing"
"Malta","Malta",0,"MT","outgoing"
"Malta","Netherlands",NA,"NL","outgoing"
"Malta","Norway",20,"NO","outgoing"
"Malta","Poland",NA,"PL","outgoing"
"Malta","Portugal",NA,"PT","outgoing"
"Malta","Romania",0,"RO","outgoing"
"Malta","Sweden",89,"SE","outgoing"
"Malta","Slovenia",5,"SI","outgoing"
"Malta","Slovakia",0,"SK","outgoing"
"Malta","United Kingdom",2,"UK","outgoing"
"Netherlands","Austria",22,"AT","outgoing"
"Netherlands","Belgium",55,"BE","outgoing"
"Netherlands","Bulgaria",NA,"BG","outgoing"
"Netherlands","Switzerland",34,"CH","outgoing"
"Netherlands","Cyprus",NA,"CY","outgoing"
"Netherlands","Czech Republic",NA,"CZ","outgoing"
"Netherlands","Germany (until 1990 former territory of the FRG)",95,"DE","outgoing"
"Netherlands","Denmark",9,"DK","outgoing"
"Netherlands","Estonia",0,"EE","outgoing"
"Netherlands","Greece",13,"EL","outgoing"
"Netherlands","Spain",NA,"ES","outgoing"
"Netherlands","Finland",NA,"FI","outgoing"
"Netherlands","France",10,"FR","outgoing"
"Netherlands","Croatia",0,"HR","outgoing"
"Netherlands","Hungary",0,"HU","outgoing"
"Netherlands","Ireland",0,"IE","outgoing"
"Netherlands","Iceland",NA,"IS","outgoing"
"Netherlands","Italy",NA,"IT","outgoing"
"Netherlands","Liechtenstein",0,"LI","outgoing"
"Netherlands","Lithuania",NA,"LT","outgoing"
"Netherlands","Luxembourg",4,"LU","outgoing"
"Netherlands","Latvia",0,"LV","outgoing"
"Netherlands","Malta",0,"MT","outgoing"
"Netherlands","Netherlands",NA,"NL","outgoing"
"Netherlands","Norway",26,"NO","outgoing"
"Netherlands","Poland",NA,"PL","outgoing"
"Netherlands","Portugal",NA,"PT","outgoing"
"Netherlands","Romania",0,"RO","outgoing"
"Netherlands","Sweden",46,"SE","outgoing"
"Netherlands","Slovenia",0,"SI","outgoing"
"Netherlands","Slovakia",1,"SK","outgoing"
"Netherlands","United Kingdom",10,"UK","outgoing"
"Norway","Austria",5,"AT","outgoing"
"Norway","Belgium",22,"BE","outgoing"
"Norway","Bulgaria",NA,"BG","outgoing"
"Norway","Switzerland",21,"CH","outgoing"
"Norway","Cyprus",NA,"CY","outgoing"
"Norway","Czech Republic",NA,"CZ","outgoing"
"Norway","Germany (until 1990 former territory of the FRG)",72,"DE","outgoing"
"Norway","Denmark",40,"DK","outgoing"
"Norway","Estonia",0,"EE","outgoing"
"Norway","Greece",17,"EL","outgoing"
"Norway","Spain",NA,"ES","outgoing"
"Norway","Finland",NA,"FI","outgoing"
"Norway","France",6,"FR","outgoing"
"Norway","Croatia",0,"HR","outgoing"
"Norway","Hungary",2,"HU","outgoing"
"Norway","Ireland",0,"IE","outgoing"
"Norway","Iceland",NA,"IS","outgoing"
"Norway","Italy",NA,"IT","outgoing"
"Norway","Liechtenstein",0,"LI","outgoing"
"Norway","Lithuania",NA,"LT","outgoing"
"Norway","Luxembourg",0,"LU","outgoing"
"Norway","Latvia",0,"LV","outgoing"
"Norway","Malta",0,"MT","outgoing"
"Norway","Netherlands",NA,"NL","outgoing"
"Norway","Norway",0,"NO","outgoing"
"Norway","Poland",NA,"PL","outgoing"
"Norway","Portugal",NA,"PT","outgoing"
"Norway","Romania",0,"RO","outgoing"
"Norway","Sweden",222,"SE","outgoing"
"Norway","Slovenia",0,"SI","outgoing"
"Norway","Slovakia",0,"SK","outgoing"
"Norway","United Kingdom",8,"UK","outgoing"
"Poland","Austria",187,"AT","outgoing"
"Poland","Belgium",39,"BE","outgoing"
"Poland","Bulgaria",NA,"BG","outgoing"
"Poland","Switzerland",39,"CH","outgoing"
"Poland","Cyprus",NA,"CY","outgoing"
"Poland","Czech Republic",NA,"CZ","outgoing"
"Poland","Germany (until 1990 former territory of the FRG)",332,"DE","outgoing"
"Poland","Denmark",127,"DK","outgoing"
"Poland","Estonia",0,"EE","outgoing"
"Poland","Greece",0,"EL","outgoing"
"Poland","Spain",NA,"ES","outgoing"
"Poland","Finland",NA,"FI","outgoing"
"Poland","France",22,"FR","outgoing"
"Poland","Croatia",0,"HR","outgoing"
"Poland","Hungary",0,"HU","outgoing"
"Poland","Ireland",0,"IE","outgoing"
"Poland","Iceland",NA,"IS","outgoing"
"Poland","Italy",NA,"IT","outgoing"
"Poland","Liechtenstein",0,"LI","outgoing"
"Poland","Lithuania",NA,"LT","outgoing"
"Poland","Luxembourg",1,"LU","outgoing"
"Poland","Latvia",0,"LV","outgoing"
"Poland","Malta",0,"MT","outgoing"
"Poland","Netherlands",NA,"NL","outgoing"
"Poland","Norway",57,"NO","outgoing"
"Poland","Poland",NA,"PL","outgoing"
"Poland","Portugal",NA,"PT","outgoing"
"Poland","Romania",0,"RO","outgoing"
"Poland","Sweden",151,"SE","outgoing"
"Poland","Slovenia",0,"SI","outgoing"
"Poland","Slovakia",0,"SK","outgoing"
"Poland","United Kingdom",2,"UK","outgoing"
"Portugal","Austria",1,"AT","outgoing"
"Portugal","Belgium",4,"BE","outgoing"
"Portugal","Bulgaria",NA,"BG","outgoing"
"Portugal","Switzerland",43,"CH","outgoing"
"Portugal","Cyprus",NA,"CY","outgoing"
"Portugal","Czech Republic",NA,"CZ","outgoing"
"Portugal","Germany (until 1990 former territory of the FRG)",15,"DE","outgoing"
"Portugal","Denmark",1,"DK","outgoing"
"Portugal","Estonia",0,"EE","outgoing"
"Portugal","Greece",0,"EL","outgoing"
"Portugal","Spain",NA,"ES","outgoing"
"Portugal","Finland",NA,"FI","outgoing"
"Portugal","France",10,"FR","outgoing"
"Portugal","Croatia",0,"HR","outgoing"
"Portugal","Hungary",0,"HU","outgoing"
"Portugal","Ireland",0,"IE","outgoing"
"Portugal","Iceland",NA,"IS","outgoing"
"Portugal","Italy",NA,"IT","outgoing"
"Portugal","Liechtenstein",0,"LI","outgoing"
"Portugal","Lithuania",NA,"LT","outgoing"
"Portugal","Luxembourg",0,"LU","outgoing"
"Portugal","Latvia",0,"LV","outgoing"
"Portugal","Malta",0,"MT","outgoing"
"Portugal","Netherlands",NA,"NL","outgoing"
"Portugal","Norway",10,"NO","outgoing"
"Portugal","Poland",NA,"PL","outgoing"
"Portugal","Portugal",NA,"PT","outgoing"
"Portugal","Romania",0,"RO","outgoing"
"Portugal","Sweden",15,"SE","outgoing"
"Portugal","Slovenia",0,"SI","outgoing"
"Portugal","Slovakia",0,"SK","outgoing"
"Portugal","United Kingdom",0,"UK","outgoing"
"Romania","Austria",7,"AT","outgoing"
"Romania","Belgium",3,"BE","outgoing"
"Romania","Bulgaria",NA,"BG","outgoing"
"Romania","Switzerland",4,"CH","outgoing"
"Romania","Cyprus",NA,"CY","outgoing"
"Romania","Czech Republic",NA,"CZ","outgoing"
"Romania","Germany (until 1990 former territory of the FRG)",3,"DE","outgoing"
"Romania","Denmark",1,"DK","outgoing"
"Romania","Estonia",0,"EE","outgoing"
"Romania","Greece",0,"EL","outgoing"
"Romania","Spain",NA,"ES","outgoing"
"Romania","Finland",NA,"FI","outgoing"
"Romania","France",0,"FR","outgoing"
"Romania","Croatia",0,"HR","outgoing"
"Romania","Hungary",12,"HU","outgoing"
"Romania","Ireland",0,"IE","outgoing"
"Romania","Iceland",NA,"IS","outgoing"
"Romania","Italy",NA,"IT","outgoing"
"Romania","Liechtenstein",0,"LI","outgoing"
"Romania","Lithuania",NA,"LT","outgoing"
"Romania","Luxembourg",1,"LU","outgoing"
"Romania","Latvia",0,"LV","outgoing"
"Romania","Malta",0,"MT","outgoing"
"Romania","Netherlands",NA,"NL","outgoing"
"Romania","Norway",4,"NO","outgoing"
"Romania","Poland",NA,"PL","outgoing"
"Romania","Portugal",NA,"PT","outgoing"
"Romania","Romania",0,"RO","outgoing"
"Romania","Sweden",5,"SE","outgoing"
"Romania","Slovenia",0,"SI","outgoing"
"Romania","Slovakia",0,"SK","outgoing"
"Romania","United Kingdom",0,"UK","outgoing"
"Sweden","Austria",14,"AT","outgoing"
"Sweden","Belgium",20,"BE","outgoing"
"Sweden","Bulgaria",NA,"BG","outgoing"
"Sweden","Switzerland",38,"CH","outgoing"
"Sweden","Cyprus",NA,"CY","outgoing"
"Sweden","Czech Republic",NA,"CZ","outgoing"
"Sweden","Germany (until 1990 former territory of the FRG)",155,"DE","outgoing"
"Sweden","Denmark",95,"DK","outgoing"
"Sweden","Estonia",2,"EE","outgoing"
"Sweden","Greece",126,"EL","outgoing"
"Sweden","Spain",NA,"ES","outgoing"
"Sweden","Finland",NA,"FI","outgoing"
"Sweden","France",13,"FR","outgoing"
"Sweden","Croatia",0,"HR","outgoing"
"Sweden","Hungary",3,"HU","outgoing"
"Sweden","Ireland",0,"IE","outgoing"
"Sweden","Iceland",NA,"IS","outgoing"
"Sweden","Italy",NA,"IT","outgoing"
"Sweden","Liechtenstein",0,"LI","outgoing"
"Sweden","Lithuania",NA,"LT","outgoing"
"Sweden","Luxembourg",4,"LU","outgoing"
"Sweden","Latvia",0,"LV","outgoing"
"Sweden","Malta",0,"MT","outgoing"
"Sweden","Netherlands",NA,"NL","outgoing"
"Sweden","Norway",148,"NO","outgoing"
"Sweden","Poland",NA,"PL","outgoing"
"Sweden","Portugal",NA,"PT","outgoing"
"Sweden","Romania",3,"RO","outgoing"
"Sweden","Sweden",0,"SE","outgoing"
"Sweden","Slovenia",0,"SI","outgoing"
"Sweden","Slovakia",0,"SK","outgoing"
"Sweden","United Kingdom",10,"UK","outgoing"
"Slovenia","Austria",7,"AT","outgoing"
"Slovenia","Belgium",2,"BE","outgoing"
"Slovenia","Bulgaria",NA,"BG","outgoing"
"Slovenia","Switzerland",4,"CH","outgoing"
"Slovenia","Cyprus",NA,"CY","outgoing"
"Slovenia","Czech Republic",NA,"CZ","outgoing"
"Slovenia","Germany (until 1990 former territory of the FRG)",7,"DE","outgoing"
"Slovenia","Denmark",0,"DK","outgoing"
"Slovenia","Estonia",0,"EE","outgoing"
"Slovenia","Greece",0,"EL","outgoing"
"Slovenia","Spain",NA,"ES","outgoing"
"Slovenia","Finland",NA,"FI","outgoing"
"Slovenia","France",2,"FR","outgoing"
"Slovenia","Croatia",0,"HR","outgoing"
"Slovenia","Hungary",0,"HU","outgoing"
"Slovenia","Ireland",0,"IE","outgoing"
"Slovenia","Iceland",NA,"IS","outgoing"
"Slovenia","Italy",NA,"IT","outgoing"
"Slovenia","Liechtenstein",0,"LI","outgoing"
"Slovenia","Lithuania",NA,"LT","outgoing"
"Slovenia","Luxembourg",1,"LU","outgoing"
"Slovenia","Latvia",0,"LV","outgoing"
"Slovenia","Malta",0,"MT","outgoing"
"Slovenia","Netherlands",NA,"NL","outgoing"
"Slovenia","Norway",3,"NO","outgoing"
"Slovenia","Poland",NA,"PL","outgoing"
"Slovenia","Portugal",NA,"PT","outgoing"
"Slovenia","Romania",0,"RO","outgoing"
"Slovenia","Sweden",3,"SE","outgoing"
"Slovenia","Slovenia",0,"SI","outgoing"
"Slovenia","Slovakia",0,"SK","outgoing"
"Slovenia","United Kingdom",1,"UK","outgoing"
"Slovakia","Austria",22,"AT","outgoing"
"Slovakia","Belgium",2,"BE","outgoing"
"Slovakia","Bulgaria",NA,"BG","outgoing"
"Slovakia","Switzerland",3,"CH","outgoing"
"Slovakia","Cyprus",NA,"CY","outgoing"
"Slovakia","Czech Republic",NA,"CZ","outgoing"
"Slovakia","Germany (until 1990 former territory of the FRG)",9,"DE","outgoing"
"Slovakia","Denmark",1,"DK","outgoing"
"Slovakia","Estonia",0,"EE","outgoing"
"Slovakia","Greece",0,"EL","outgoing"
"Slovakia","Spain",NA,"ES","outgoing"
"Slovakia","Finland",NA,"FI","outgoing"
"Slovakia","France",2,"FR","outgoing"
"Slovakia","Croatia",0,"HR","outgoing"
"Slovakia","Hungary",0,"HU","outgoing"
"Slovakia","Ireland",0,"IE","outgoing"
"Slovakia","Iceland",NA,"IS","outgoing"
"Slovakia","Italy",NA,"IT","outgoing"
"Slovakia","Liechtenstein",0,"LI","outgoing"
"Slovakia","Lithuania",NA,"LT","outgoing"
"Slovakia","Luxembourg",0,"LU","outgoing"
"Slovakia","Latvia",0,"LV","outgoing"
"Slovakia","Malta",0,"MT","outgoing"
"Slovakia","Netherlands",NA,"NL","outgoing"
"Slovakia","Norway",9,"NO","outgoing"
"Slovakia","Poland",NA,"PL","outgoing"
"Slovakia","Portugal",NA,"PT","outgoing"
"Slovakia","Romania",0,"RO","outgoing"
"Slovakia","Sweden",10,"SE","outgoing"
"Slovakia","Slovenia",0,"SI","outgoing"
"Slovakia","Slovakia",0,"SK","outgoing"
"Slovakia","United Kingdom",2,"UK","outgoing"
"Total","Austria",1076,"AT","outgoing"
"Total","Belgium",741,"BE","outgoing"
"Total","Bulgaria",NA,"BG","outgoing"
"Total","Switzerland",2638,"CH","outgoing"
"Total","Cyprus",NA,"CY","outgoing"
"Total","Czech Republic",NA,"CZ","outgoing"
"Total","Germany (until 1990 former territory of the FRG)",2887,"DE","outgoing"
"Total","Denmark",748,"DK","outgoing"
"Total","Estonia",7,"EE","outgoing"
"Total","Greece",713,"EL","outgoing"
"Total","Spain",NA,"ES","outgoing"
"Total","Finland",NA,"FI","outgoing"
"Total","France",470,"FR","outgoing"
"Total","Croatia",2,"HR","outgoing"
"Total","Hungary",89,"HU","outgoing"
"Total","Ireland",17,"IE","outgoing"
"Total","Iceland",NA,"IS","outgoing"
"Total","Italy",NA,"IT","outgoing"
"Total","Liechtenstein",1,"LI","outgoing"
"Total","Lithuania",NA,"LT","outgoing"
"Total","Luxembourg",161,"LU","outgoing"
"Total","Latvia",4,"LV","outgoing"
"Total","Malta",3,"MT","outgoing"
"Total","Netherlands",NA,"NL","outgoing"
"Total","Norway",1401,"NO","outgoing"
"Total","Poland",NA,"PL","outgoing"
"Total","Portugal",NA,"PT","outgoing"
"Total","Romania",14,"RO","outgoing"
"Total","Sweden",2059,"SE","outgoing"
"Total","Slovenia",12,"SI","outgoing"
"Total","Slovakia",45,"SK","outgoing"
"Total","United Kingdom",252,"UK","outgoing"
"United Kingdom","Austria",6,"AT","outgoing"
"United Kingdom","Belgium",26,"BE","outgoing"
"United Kingdom","Bulgaria",NA,"BG","outgoing"
"United Kingdom","Switzerland",14,"CH","outgoing"
"United Kingdom","Cyprus",NA,"CY","outgoing"
"United Kingdom","Czech Republic",NA,"CZ","outgoing"
"United Kingdom","Germany (until 1990 former territory of the FRG)",16,"DE","outgoing"
"United Kingdom","Denmark",6,"DK","outgoing"
"United Kingdom","Estonia",0,"EE","outgoing"
"United Kingdom","Greece",2,"EL","outgoing"
"United Kingdom","Spain",NA,"ES","outgoing"
"United Kingdom","Finland",NA,"FI","outgoing"
"United Kingdom","France",17,"FR","outgoing"
"United Kingdom","Croatia",0,"HR","outgoing"
"United Kingdom","Hungary",0,"HU","outgoing"
"United Kingdom","Ireland",15,"IE","outgoing"
"United Kingdom","Iceland",NA,"IS","outgoing"
"United Kingdom","Italy",NA,"IT","outgoing"
"United Kingdom","Liechtenstein",0,"LI","outgoing"
"United Kingdom","Lithuania",NA,"LT","outgoing"
"United Kingdom","Luxembourg",2,"LU","outgoing"
"United Kingdom","Latvia",0,"LV","outgoing"
"United Kingdom","Malta",1,"MT","outgoing"
"United Kingdom","Netherlands",NA,"NL","outgoing"
"United Kingdom","Norway",10,"NO","outgoing"
"United Kingdom","Poland",NA,"PL","outgoing"
"United Kingdom","Portugal",NA,"PT","outgoing"
"United Kingdom","Romania",2,"RO","outgoing"
"United Kingdom","Sweden",15,"SE","outgoing"
"United Kingdom","Slovenia",0,"SI","outgoing"
"United Kingdom","Slovakia",0,"SK","outgoing"
"United Kingdom","United Kingdom",0,"UK","outgoing"
